Player Name,Archetype, Close Shot, Mid-Range Shot, Three-Point Shot, Free Throw, Shot IQ, Offensive Consistency, Speed, Acceleration, Strength, Vertical, Stamina, Hustle, Overall Durability, Layup, Standing Dunk, Driving Dunk, Post Hook, Post Fade, Post Control, Draw Foul, Hands, Pass Accuracy, Ball Handle, Speed with Ball, Pass IQ, Pass Vision, Interior Defense, Perimeter Defense, Steal, Block, Lateral Quickness, Help Defense IQ, Pass Perception, Defensive Consistency, Offensive Rebound, Defensive Rebound
LeBron James,2-Way Inside-Out Playmaker,82,72,82,70,98,98,89,87,89,89,99,90,97,98,75,91,78,90,87,95,98,90,87,88,94,87,83,89,59,60,88,90,97,70,52,82
Giannis Antetokounmpo,2-Way Slashing Playmaker,80,75,73,63,98,98,90,87,90,85,98,95,91,98,85,91,79,74,88,97,95,84,87,80,95,73,87,95,53,70,95,96,88,95,69,89
James Harden,Offensive Threat,88,86,85,86,98,98,89,89,74,87,98,97,95,98,35,84,60,84,75,98,98,78,97,89,98,94,62,70,60,57,75,63,82,65,35,62
Kawhi Leonard,2-Way Scoring Machine,88,84,88,89,96,98,85,81,79,79,94,85,82,90,55,85,50,88,86,80,98,79,86,83,78,74,79,97,86,58,97,97,97,98,43,60
Anthony Davis,Interior Force,96,76,76,80,85,90,79,78,90,86,97,98,78,83,95,88,83,90,87,75,95,60,75,67,72,63,97,80,56,85,78,97,82,95,67,81
Damian Lillard,Offensive Threat,83,93,86,89,98,98,88,88,63,89,97,95,98,95,25,85,30,38,42,94,98,88,94,87,95,75,25,69,41,42,76,72,77,55,30,60
Kevin Durant,Scoring Machine,95,94,93,89,98,98,80,80,63,77,94,85,88,94,60,85,70,88,82,94,98,75,92,80,82,73,68,85,58,65,85,85,75,85,54,73
Luka Doncic,Slashing Playmaker,90,90,75,80,98,98,83,83,70,72,98,98,85,96,55,70,64,69,80,96,98,85,92,83,97,94,48,73,46,37,75,73,69,65,65,85
Jimmy Butler,2-Way Slashing Playmaker,90,84,76,83,89,85,84,83,74,78,95,80,81,92,40,80,49,72,85,87,93,79,84,82,88,74,75,90,94,62,90,89,88,90,60,61
Joel Embiid,2-Way 3-Level Scorer,86,93,83,85,98,98,67,63,95,68,94,90,76,80,90,80,90,88,96,94,95,40,57,61,58,61,91,60,59,80,64,93,64,93,76,93
Nikola Jokic,3-Level Playmaker,98,94,85,82,95,98,63,62,91,63,97,85,83,86,85,70,97,94,95,97,95,92,70,60,96,90,72,51,53,58,37,79,86,65,79,88
Karl-Anthony Towns,Inside-Out Scorer,83,78,84,80,98,98,76,76,87,70,98,95,82,85,95,75,86,84,89,96,98,60,65,66,79,70,69,50,33,87,61,79,60,55,81,90
Jayson Tatum,2-Way Scoring Machine,77,92,88,87,98,98,79,82,65,82,95,90,80,89,50,88,54,68,65,84,95,74,86,79,82,68,77,89,52,60,87,89,90,85,31,80
Kyrie Irving,Offensive Threat,97,90,85,92,90,98,85,91,37,81,97,87,80,96,25,30,35,70,64,89,96,88,99,85,89,77,32,73,66,42,76,75,86,60,37,60
Klay Thompson,2-Way 3-Level Scorer,88,88,95,82,93,90,71,74,62,67,91,85,94,86,35,65,35,78,74,61,90,77,76,71,80,41,70,93,43,55,93,90,88,95,33,50
Devin Booker,Floor-Spacing Slasher,96,80,83,92,90,98,79,79,42,70,95,85,81,94,30,70,28,38,79,89,85,79,87,76,83,69,38,70,43,45,74,60,62,60,33,48
Chris Paul,2-Way Slashing Playmaker,90,91,75,90,85,70,80,80,62,75,85,75,77,80,25,27,40,55,70,40,90,90,90,80,88,87,61,90,62,42,90,90,75,85,35,60
Bradley Beal,Offensive Threat,92,95,83,86,98,98,76,83,56,87,98,78,82,95,30,84,55,55,44,95,92,82,88,76,85,72,45,66,53,56,75,75,65,40,46,55
Pascal Siakam,Paint Defender,70,82,73,80,80,75,76,78,70,79,95,90,82,80,85,80,74,70,75,55,84,60,79,69,45,65,86,79,41,65,78,88,82,85,41,72
Trae Young,Offensive Threat,74,88,80,86,90,95,84,87,50,78,95,75,86,92,25,30,28,60,34,94,80,80,92,84,96,91,31,55,37,35,70,58,70,30,41,51
Paul George,2-Way Inside-Out Scorer,94,76,91,89,85,90,79,79,70,88,95,75,93,85,55,85,40,70,75,67,85,78,87,79,75,71,79,92,57,52,92,92,92,90,35,71
Russell Westbrook,2-Way Playmaker,52,77,74,78,60,85,96,96,75,92,98,95,92,88,30,86,45,76,73,85,95,78,89,96,90,89,42,83,46,42,85,80,79,80,48,88
Donovan Mitchell,Scoring Machine,81,94,83,80,85,95,96,90,60,97,96,90,80,85,50,92,25,44,38,75,80,75,88,83,82,72,58,79,60,51,86,79,77,75,38,44
Ben Simmons,2-Way Slashing Playmaker,71,46,58,63,98,80,93,84,80,85,97,97,83,90,83,86,76,73,78,90,98,75,86,84,89,78,79,87,84,66,85,87,92,90,54,85
Rudy Gobert,Glass-Cleaning Lockdown,63,63,25,62,98,70,48,25,82,57,90,85,81,79,95,75,70,58,70,70,85,68,35,25,58,32,96,64,33,92,65,97,74,95,81,94
Kyle Lowry,2-Way 3PT Playmaker,75,70,82,86,98,80,84,84,67,72,96,97,79,88,25,25,38,44,40,74,95,87,86,84,89,79,68,86,53,51,86,86,84,85,33,55
Bam Adebayo,2-Way Mid-Range Finisher,95,91,56,81,97,95,70,69,84,85,95,93,90,87,90,85,88,80,84,84,95,72,69,63,74,73,86,79,60,77,69,90,80,90,64,88
Khris Middleton,2-Way 3-Level Scorer,90,98,87,91,97,98,71,72,60,66,92,84,90,84,40,65,49,64,83,65,84,78,77,71,70,72,72,85,43,40,85,83,80,80,42,67
Kristaps Porzingis,2-Way 3-Level Scorer,79,77,80,78,98,98,66,65,74,78,94,85,77,78,90,75,83,88,86,88,98,50,68,56,40,36,83,56,38,87,62,87,60,65,74,86
Brandon Ingram,Scoring Machine,89,88,82,86,85,95,71,78,42,77,95,80,85,80,65,84,64,76,75,62,80,75,85,70,75,72,61,69,37,68,72,75,68,40,39,67
Jamal Murray,Inside-Out Playmaker,92,87,81,89,98,98,77,79,54,80,95,85,78,90,30,82,38,46,74,70,84,90,88,77,84,71,35,70,53,45,78,69,58,45,37,52
Zion Williamson,Slashing Four,92,66,70,65,95,95,86,86,86,99,90,90,80,90,95,97,69,69,88,89,85,65,78,74,72,48,73,64,49,56,76,64,70,45,77,67
Nikola Vucevic,3-Level Scorer,94,83,86,78,98,98,62,46,89,45,95,92,77,78,85,65,89,84,88,86,98,82,35,32,82,70,73,41,41,70,49,74,57,55,78,93
DeMar DeRozan,Slashing Playmaker,90,92,78,84,85,95,82,86,57,88,98,85,91,93,55,84,40,78,87,70,94,75,83,82,79,73,50,73,42,40,76,74,82,65,35,65
Jaylen Brown,2-Way Scoring Machine,94,95,85,74,95,98,77,81,69,84,95,95,82,88,40,85,52,59,80,82,92,75,81,76,82,70,70,87,70,55,89,86,83,85,45,64
Kemba Walker,Offensive Threat,68,94,81,87,95,90,85,90,50,81,93,90,86,86,25,30,28,60,35,80,88,89,96,85,92,72,32,75,42,55,76,72,77,60,36,53
Ja Morant,Slashing Playmaker,90,79,79,77,75,95,92,92,42,88,95,80,80,89,25,94,34,37,37,75,85,84,90,92,89,88,39,75,46,57,81,70,68,50,32,39
Andre Drummond,Paint Beast,84,47,47,58,62,65,60,58,95,79,89,85,81,77,95,85,77,55,82,45,85,52,45,49,70,64,83,52,80,83,52,84,80,70,90,97
Zach LaVine,Scoring Machine,88,88,84,80,98,98,84,84,44,97,98,85,83,88,60,95,44,58,38,87,95,77,87,81,82,72,49,65,53,55,71,64,45,50,35,60
John Collins,3-Level Scorer,85,80,80,80,98,95,71,65,66,85,92,96,84,82,95,93,77,75,83,72,85,37,60,50,66,38,74,49,38,71,57,74,38,60,63,69
Domantas Sabonis,Interior Finisher,81,86,72,72,98,95,48,44,82,54,92,95,86,86,70,75,77,81,86,84,85,82,60,26,51,70,61,29,38,51,38,65,39,30,69,91
DeAaron Fox,Slashing Playmaker,85,77,78,70,80,90,97,97,46,84,96,90,80,85,25,80,25,30,27,79,90,83,88,97,87,80,34,79,66,55,85,77,77,70,36,56
TJ Warren,Mid-Range Finisher,87,92,78,81,80,90,61,61,75,63,91,70,84,92,50,80,62,68,62,75,68,65,78,60,65,33,54,62,49,51,68,65,62,50,41,50
Deandre Ayton,Mid-Range Finisher,88,82,65,77,97,90,75,65,82,82,90,76,81,79,90,75,85,75,82,75,82,53,61,55,70,39,78,49,31,68,61,78,69,65,75,93
CJ McCollum,Shot Creator,76,97,90,75,98,95,82,84,60,80,98,95,80,80,30,40,38,46,32,69,91,75,86,82,80,73,35,68,53,45,76,69,50,60,33,52
Tobias Harris,Inside-Out Scorer,96,80,86,81,98,90,75,59,73,79,95,73,82,85,65,75,70,70,83,73,95,77,77,56,80,54,59,58,46,66,67,66,64,60,48,69
Shai Gilgeous-Alexander,Offensive Threat,94,84,83,80,95,98,82,82,60,83,94,75,80,88,40,75,50,73,72,75,80,86,87,82,87,76,51,78,41,50,82,75,76,70,37,59
Jusuf Nurkic,Interior Finisher,76,80,66,70,80,70,51,37,90,50,85,75,72,68,75,65,78,72,82,70,80,60,40,25,82,66,78,45,56,76,49,79,60,70,66,88
Fred VanVleet,2-Way Inside-Out Playmaker,54,70,81,84,93,95,83,83,42,70,95,94,82,85,25,35,30,32,28,72,98,89,86,83,92,78,27,83,76,42,84,79,91,80,30,49
Hassan Whiteside,Paint Defender,89,71,39,60,70,50,66,57,86,60,70,70,66,70,85,71,78,62,77,50,80,60,35,30,50,31,83,53,32,95,48,81,60,75,80,95
DAngelo Russell,Inside-Out Playmaker,89,79,84,81,90,80,81,81,54,71,93,65,83,89,25,45,35,55,60,75,81,82,86,81,88,75,40,64,66,51,75,59,79,35,34,47
LaMarcus Aldridge,Mid-Range Finisher,91,86,72,83,95,80,43,46,87,62,95,80,80,70,70,69,90,92,90,70,92,55,42,38,70,43,74,48,37,82,52,77,70,65,56,69
Danilo Gallinari,Stretch Four,74,81,84,89,98,98,60,60,66,66,95,85,75,84,45,75,66,72,91,88,76,72,76,60,65,41,69,56,40,30,68,70,62,65,36,68
Gordon Hayward,3-Level Scorer,83,94,84,85,95,85,80,77,63,75,80,86,78,87,40,75,40,65,58,40,91,75,77,77,79,68,56,73,49,51,76,73,58,65,34,60
Caris LeVert,Slasher,70,75,78,72,95,95,72,77,54,80,90,80,78,87,60,75,52,54,49,76,95,75,79,72,80,71,45,74,53,37,77,70,68,60,43,51
Spencer Dinwiddie,Slashing Playmaker,74,66,76,78,98,98,82,82,45,75,95,56,77,92,35,45,40,48,42,94,98,88,88,82,90,81,42,74,37,47,77,68,59,70,33,48
John Wall,2-Way Slashing Playmaker,78,84,75,70,96,90,90,90,60,84,95,95,82,91,25,80,35,57,42,70,90,85,89,90,85,86,38,85,63,62,85,82,92,80,32,50
Blake Griffin,Inside-Out Playmaker,75,45,76,78,80,70,68,71,94,90,95,95,88,78,98,80,74,74,84,72,98,75,77,66,74,66,78,59,33,51,65,72,70,65,43,63
Jrue Holiday,2-Way Inside-Out Scorer,90,67,70,70,80,70,79,83,49,68,90,86,80,80,25,65,30,72,40,44,81,75,86,79,79,70,44,94,90,56,96,89,93,95,41,50
Malcolm Brogdon,Playmaking Shot Creator,84,95,86,90,98,90,77,77,56,72,93,95,84,76,40,70,44,45,40,88,92,89,86,77,92,79,65,77,38,37,80,77,74,65,40,60
Eric Bledsoe,2-Way 3PT Shot Creator,74,72,83,75,70,60,84,84,55,88,84,80,81,84,25,70,25,40,28,35,88,72,86,83,70,69,59,86,49,53,88,82,80,85,35,50
Jaren Jackson,3PT Specialist,75,75,83,79,64,65,52,50,72,60,77,73,93,63,40,58,33,70,45,50,75,55,65,51,55,43,64,66,61,32,69,66,64,65,40,43
Victor Oladipo,2-Way Inside-Out Scorer,75,88,81,78,90,90,81,82,66,88,85,85,83,78,35,85,41,53,40,60,84,75,82,80,80,64,58,84,70,45,86,84,78,85,36,52
Tyler Herro,Scoring Machine,93,82,80,84,95,95,79,78,59,72,85,75,80,89,30,60,37,55,48,78,95,78,83,74,83,66,46,69,32,32,70,65,60,50,31,78
Brook Lopez,Interior Force,85,73,76,81,70,60,25,25,86,60,92,80,79,70,80,65,80,78,80,60,80,35,35,25,78,28,92,45,38,86,60,93,69,90,52,64
Steven Adams,Interior Force,87,65,26,59,70,65,48,37,81,68,88,90,82,74,85,75,79,62,82,65,79,69,35,33,68,49,87,55,53,67,63,90,78,85,85,72
Andrew Wiggins,Inside-Out Scorer,80,80,80,71,50,80,82,85,57,98,98,92,83,75,40,94,45,70,77,60,95,66,79,80,75,44,55,66,32,82,80,72,75,55,38,54
Jarrett Allen,Glass-Cleaning Lockdown,60,54,39,62,98,85,75,72,84,79,86,80,82,74,85,75,66,60,74,78,85,25,35,35,48,35,82,41,37,83,53,83,67,80,88,88
Jonathan Isaac,Perimeter Lockdown,61,83,77,77,50,30,73,76,70,80,90,90,67,67,60,82,62,68,75,35,68,65,76,66,55,33,80,86,83,93,86,88,85,85,56,74
Clint Capela,Glass-Cleaning Lockdown,89,60,25,53,95,85,58,57,85,80,92,97,83,78,95,80,71,48,69,74,70,34,48,30,35,32,84,53,40,81,60,86,74,80,86,94
Kevin Love,3-Level Scorer,88,96,81,85,90,80,66,38,85,70,88,96,77,72,75,50,77,87,87,73,90,65,52,33,77,61,69,50,36,47,54,75,57,50,60,93
Marvin Bagley,Interior Finisher,68,66,77,80,70,90,73,74,78,86,95,80,87,70,85,85,80,78,79,70,85,47,62,64,60,30,70,49,36,73,57,70,65,55,68,84
Lou Williams,Deep-Range Shot Creator,82,79,82,86,80,80,80,80,31,72,85,64,77,80,25,45,25,60,30,80,88,75,87,80,79,68,25,60,49,35,74,60,48,45,32,49
Michael Porter,3-Level Scorer,84,89,85,77,75,70,80,81,68,88,80,80,66,84,60,80,50,62,68,65,80,65,78,77,62,35,60,64,43,66,73,60,68,40,67,80
Montrezl Harrell,Interior Finisher,92,75,37,66,95,75,62,57,94,75,85,98,83,88,90,85,80,75,89,66,82,35,35,32,55,31,77,47,37,61,52,84,64,70,85,72
Kelly Oubre,3-Level Scorer,66,80,71,78,60,70,72,82,58,95,90,75,84,78,40,84,35,42,33,69,80,70,78,69,80,30,49,74,59,72,76,70,75,50,52,62
Buddy Hield,3PT Specialist,68,78,85,86,97,80,75,78,41,78,90,60,82,85,25,65,28,45,48,70,94,75,79,74,70,62,48,69,42,45,74,54,60,50,40,61
Bojan Bogdanovic,3PT Specialist,50,67,82,80,70,65,67,62,60,72,93,80,84,73,40,70,49,60,64,50,70,69,74,66,72,35,54,78,34,30,77,75,62,70,37,47
Mitchell Robinson,Paint Defender,72,68,32,57,98,80,48,25,65,83,85,95,80,79,90,80,65,52,50,58,80,70,40,25,54,28,83,49,53,95,65,87,65,80,88,72
Derrick Rose,Slashing Playmaker,92,84,73,87,98,98,86,86,50,89,85,95,69,94,25,45,55,55,55,65,85,83,86,86,88,87,50,67,43,50,73,66,64,40,36,45
DeMarcus Cousins,Slashing Five,84,69,70,74,80,75,63,62,94,71,98,70,72,84,95,82,95,94,88,83,95,60,72,60,84,70,70,48,76,83,49,70,68,45,55,88
Goran Dragic,Slashing Playmaker,89,83,77,77,92,90,76,78,44,72,92,85,84,90,25,45,25,60,39,79,85,80,86,76,92,80,32,73,36,35,73,74,70,70,37,45
Jonas Valanciunas,Glass-Cleaning Finisher,96,74,73,73,94,90,62,46,89,54,90,90,81,59,80,65,85,64,88,76,95,36,35,33,65,40,75,43,41,76,48,80,54,60,72,93
Lauri Markkanen,Stretch Four,90,66,82,85,95,90,63,60,61,62,85,58,80,68,70,70,73,80,74,82,85,55,65,42,70,31,66,49,41,52,55,66,54,45,61,82
DeAndre Jordan,Interior Force,74,25,25,68,65,40,65,53,88,83,92,95,94,57,97,85,54,40,61,69,90,25,30,33,66,47,80,57,33,85,62,82,60,80,66,90
Brandon Clarke,Interior Finisher,85,66,72,69,70,80,82,83,64,82,90,95,80,68,80,84,66,65,64,65,85,59,69,65,62,38,78,75,53,61,78,78,72,70,60,63
Dennis Schroder,Mid-Range Playmaker,70,88,78,84,78,98,84,88,46,74,93,90,80,80,25,45,25,38,27,71,85,88,86,84,89,70,34,73,46,37,74,72,67,60,36,53
Mike Conley,All-Around 2-Way,94,82,85,84,94,95,83,84,40,92,85,85,82,84,25,30,25,40,29,75,84,84,86,83,84,75,31,83,63,30,82,78,80,80,42,50
Julius Randle,Mid-Range Finisher,85,82,77,73,85,95,73,76,87,69,85,85,84,88,85,80,79,60,84,74,95,65,73,68,78,74,67,53,40,50,67,69,52,60,62,86
Christian Wood,Inside-Out Scorer,87,79,80,74,98,95,56,59,74,59,88,89,83,85,90,85,70,55,72,79,75,30,60,44,40,34,74,51,41,79,56,74,62,45,86,89
Collin Sexton,Scoring Machine,90,83,88,85,90,98,89,89,58,84,95,90,81,88,30,75,25,38,28,68,95,78,86,88,76,66,45,67,53,40,76,67,69,50,32,37
Aaron Gordon,Interior Finisher,76,55,77,68,97,85,71,67,72,92,95,90,84,85,95,95,58,60,84,74,95,65,62,66,60,65,78,80,41,56,80,78,68,80,52,75
Josh Richardson,2-Way Mid-Range Shooter,75,95,75,79,90,80,80,83,57,72,95,80,83,75,50,78,30,48,32,50,80,69,78,79,68,59,69,87,43,60,88,85,82,85,38,48
Serge Ibaka,Mid-Range Finisher,91,85,78,75,97,85,49,52,75,83,91,75,94,71,80,80,89,75,70,50,81,29,35,33,72,42,80,56,31,82,57,80,71,75,61,80
Al Horford,Interior Force,85,73,76,75,86,55,53,48,91,69,95,85,78,65,80,65,76,85,84,40,84,83,50,33,88,55,86,68,32,63,67,88,70,85,35,85
Marcus Smart,Perimeter Lockdown,72,58,72,84,40,30,75,82,70,83,85,90,83,65,25,50,25,58,78,30,70,65,76,74,60,71,74,93,70,55,94,90,88,95,34,42
Dejounte Murray,2-Way Slasher,76,92,72,80,75,70,82,81,40,60,90,85,80,86,40,75,40,48,49,58,88,84,86,82,82,71,53,86,96,50,86,85,93,85,50,76
Evan Fournier,Mid-Range Specialist,90,86,79,82,88,80,71,70,40,63,95,80,86,80,25,50,30,45,36,66,85,75,76,65,76,63,38,69,53,42,69,70,72,65,29,45
Rui Hachimura,Mid-Range Specialist,90,81,73,83,95,80,72,74,79,80,90,85,80,78,80,80,74,70,72,55,85,51,72,67,54,42,60,54,36,35,67,59,50,35,41,64
Draymond Green,2-Way Playmaker,67,70,70,76,60,30,73,74,85,66,85,90,88,70,55,65,60,59,63,40,85,83,78,69,92,77,85,79,66,42,78,90,70,85,31,72
Wendell Carter,Mid-Range Finisher,87,81,62,74,92,85,68,55,78,68,85,90,81,74,80,75,82,82,81,78,85,56,50,47,70,49,78,47,38,62,50,80,70,70,77,81
Robert Covington,Perimeter Defender,74,69,74,80,55,35,68,69,62,70,85,75,82,68,55,65,59,58,59,34,70,65,70,65,66,34,79,83,73,55,83,85,83,80,34,72
Paul Millsap,Inside-Out Scorer,71,73,83,83,80,65,59,45,87,66,95,89,91,73,70,70,77,84,83,60,95,61,70,59,74,38,82,78,49,63,77,80,80,80,67,69
Myles Turner,Interior Force,94,79,73,82,98,80,56,32,74,69,95,94,83,70,70,60,78,83,80,76,94,31,35,32,68,30,85,52,41,94,59,87,54,80,48,75
Eric Paschall,Mid-Range Specialist,74,93,79,77,84,80,71,70,69,87,85,95,80,80,70,80,65,64,62,70,95,57,77,64,62,44,64,65,35,45,63,65,40,40,49,59
Bogdan Bogdanovic,Mid-Range Specialist,84,84,76,72,70,70,75,75,63,78,82,67,77,83,50,65,62,57,57,44,85,74,79,73,79,51,51,63,36,35,73,60,60,50,30,63
Will Barton,3PT Specialist,71,82,82,77,78,75,73,78,44,74,82,85,80,75,40,83,32,59,45,65,82,75,79,73,77,62,33,80,46,53,81,80,65,75,47,67
Larry Nance,2-Way Finisher,74,64,35,77,75,80,60,42,70,85,91,77,78,78,85,95,75,65,80,70,73,51,50,53,58,49,80,87,60,74,89,88,75,85,66,74
Jordan Clarkson,Inside-Out Scorer,91,76,86,84,75,95,79,82,54,85,80,85,83,88,25,75,30,37,38,84,82,79,79,79,79,46,43,65,56,50,73,58,49,40,48,61
Derrick White,Playmaking Shot Creator,92,82,81,86,95,80,94,90,36,75,80,78,81,74,40,55,35,51,35,62,60,88,86,88,85,69,38,82,41,72,82,76,69,65,36,55
OG Anunoby,Perimeter Lockdown,60,76,79,69,70,70,81,83,60,85,85,85,81,78,60,85,38,37,36,41,85,58,72,71,52,34,76,89,66,61,87,87,84,85,46,62
Carmelo Anthony,Stretch Four,67,78,87,84,92,85,76,76,80,74,90,60,79,75,55,70,64,87,83,50,90,75,80,75,72,33,63,62,53,60,69,58,40,40,45,56
Devonte Graham,Mid-Range Shot Creator,50,87,75,82,84,95,82,82,34,79,95,85,83,82,25,60,30,32,36,70,95,82,86,82,86,80,30,70,70,31,76,65,68,55,35,46
Marcus Morris,Stretch Four,83,91,85,82,85,80,73,47,75,69,94,80,86,83,55,70,60,62,52,64,84,60,60,49,44,35,64,68,35,40,72,70,61,60,52,59
Terry Rozier,Shot Creator,90,82,87,87,90,95,82,82,62,81,90,80,82,75,40,70,45,53,48,68,90,86,86,82,89,53,55,75,63,55,77,59,65,50,35,52
Rudy Gay,Mid-Range Finisher,84,89,79,88,60,60,73,77,65,81,94,79,76,80,55,75,68,75,80,60,76,70,78,71,56,43,68,61,37,58,76,66,51,35,48,81
Daniel Theis,Mid-Range Finisher,89,79,68,74,75,65,57,67,82,75,90,87,65,70,79,78,74,54,73,48,95,69,49,42,54,34,79,53,33,72,54,79,57,75,55,75
Davis Bertans,Stretch Four,78,75,83,85,90,75,57,55,64,52,80,80,68,69,65,65,43,66,52,65,88,38,72,47,45,34,64,40,37,50,63,69,58,50,36,55
Joe Ingles,3 & D Wing,84,70,84,77,70,65,63,67,57,60,85,70,80,78,40,45,50,55,48,37,70,75,70,60,66,66,58,84,32,32,83,85,78,80,36,60
Ricky Rubio,Playmaker,85,70,71,85,75,50,75,79,27,60,88,73,80,74,25,25,25,40,26,58,86,84,86,75,88,74,32,78,80,34,79,76,70,60,32,53
Thomas Bryant,Inside-Out Scorer,92,84,82,74,98,95,62,57,80,52,88,95,82,72,75,65,79,72,82,68,78,40,53,53,42,34,63,40,33,86,57,79,50,50,68,70
Jeff Teague,Deep-Range Shot Creator,67,67,82,82,78,60,81,83,61,78,92,80,86,72,25,70,33,40,29,60,95,81,86,81,84,65,25,78,87,47,78,78,85,70,36,53
Rajon Rondo,Playmaker,83,79,76,66,85,50,82,82,48,82,85,90,76,73,25,30,45,40,45,35,85,82,86,82,82,77,36,80,56,30,80,80,70,65,37,57
Ivica Zubac,Glass Cleaner,89,74,26,79,98,85,26,25,65,75,80,90,80,76,80,75,81,54,63,75,82,70,35,26,47,34,77,34,42,82,45,69,40,35,82,80
JaVale McGee,Paint Beast,80,64,63,65,60,80,65,47,75,69,78,75,80,64,95,85,78,58,64,65,37,25,35,26,48,49,80,47,53,88,53,84,67,65,82,86
Luke Kennard,3PT Specialist,83,62,88,85,96,80,69,68,40,60,92,85,80,70,30,40,28,50,35,45,95,76,78,66,79,44,35,51,31,51,65,50,50,30,30,61
Tim Hardaway,All-Around 2-Way,86,85,82,80,90,90,81,85,70,69,95,86,85,92,25,25,25,55,33,70,87,93,97,85,94,82,40,84,86,30,90,70,52,80,40,46
JJ Redick,Sharpshooter,56,89,86,90,75,70,61,65,27,63,84,80,81,74,25,25,25,50,25,50,80,70,70,49,70,35,35,68,32,37,65,63,62,45,29,47
Nemanja Bjelica,Stretch Four,80,74,80,82,85,70,59,65,60,52,92,86,77,74,45,65,59,68,66,72,57,70,72,43,60,58,50,49,42,56,65,60,50,66,57,74
Richaun Holmes,Mid-Range Specialist,90,84,60,80,85,80,57,55,69,81,80,95,82,78,85,75,72,57,69,60,85,42,58,38,54,30,75,40,49,83,56,68,55,50,77,81
Patrick Beverley,3 & D Point,84,44,84,66,70,40,76,83,60,91,90,76,78,70,25,45,30,35,30,38,85,75,78,75,77,43,70,92,42,71,93,89,63,95,56,57
Seth Curry,3-Level Scorer,91,95,93,88,84,90,78,79,41,68,89,85,80,82,25,36,27,35,30,60,69,78,78,77,75,66,25,57,40,51,68,54,55,35,34,42
Gary Trent,Paint Defender,61,60,25,75,75,50,50,32,76,68,85,72,78,50,80,63,53,62,66,66,79,38,35,25,63,34,80,39,55,51,39,77,58,60,69,61
Terrence Ross,Inside-Out Scorer,81,79,84,85,80,80,70,78,48,85,86,65,82,79,50,85,58,70,45,38,74,65,78,70,62,33,51,68,59,51,70,66,68,60,29,56
Troy Brown,Floor-Spacing Slasher,78,71,73,75,79,55,70,71,58,69,85,80,81,70,30,70,54,59,54,65,80,75,77,61,75,35,48,72,50,42,78,72,71,55,46,65
Jae Crowder,3-Level Scorer,69,79,79,79,80,60,68,69,82,73,93,93,89,77,70,60,63,65,60,47,85,65,75,66,83,45,70,78,41,32,76,80,90,75,31,67
Aron Baynes,Finisher,76,70,67,75,97,75,30,34,92,54,90,90,80,60,65,65,85,62,72,84,90,52,35,25,82,42,74,37,31,62,49,75,62,75,65,76
Cody Zeller,Glass Cleaner,82,70,61,68,94,80,70,40,75,80,89,95,84,68,75,75,72,68,79,75,79,68,40,31,64,43,60,37,43,56,54,76,60,55,83,79
Dwight Howard,Glass Cleaner,85,69,68,49,40,30,70,54,88,80,77,70,82,77,85,80,70,50,68,30,80,33,40,25,57,32,76,55,32,75,52,75,77,70,86,93
Eric Gordon,3-Level Scorer,77,67,77,76,92,85,81,79,65,82,92,85,78,82,30,70,35,63,50,78,94,60,77,81,53,34,42,78,38,51,78,73,68,50,29,40
Harrison Barnes,3PT Specialist,82,73,83,80,70,85,77,72,70,95,92,75,82,80,55,81,48,65,83,59,88,72,78,73,75,39,67,75,35,35,75,65,65,60,40,57
Otto Porter,Sharpshooter,72,90,84,86,85,80,68,67,60,73,93,80,79,75,45,70,65,67,58,62,84,70,77,66,79,44,63,73,43,32,76,66,64,45,55,83
Duncan Robinson,3PT Specialist,80,69,92,91,98,90,59,63,35,72,85,75,83,75,30,70,40,44,35,75,90,66,72,56,70,34,50,52,35,50,65,50,50,30,27,57
Tristan Thompson,Glass Cleaner,76,70,62,63,60,60,63,52,74,74,82,90,90,65,85,75,72,59,62,40,80,31,39,30,84,29,75,54,35,71,64,79,58,55,90,83
James Wiseman,Rim Protector,55,80,76,73,70,80,70,70,70,68,87,80,87,71,80,75,74,64,76,65,90,54,50,54,64,28,77,50,37,90,63,78,54,65,56,84
Willie Cauley-Stein,Finisher,79,37,49,61,95,80,77,64,77,75,85,88,84,79,85,70,79,55,65,73,84,68,35,32,75,39,76,51,63,84,65,78,62,65,65,83
Dillon Brooks,Perimeter Lockdown,78,79,74,81,85,70,75,72,58,65,88,75,85,79,35,65,55,59,64,65,85,59,74,66,58,62,57,81,70,51,83,80,84,75,48,48
Marc Gasol,2-Way Stretch Five,90,65,82,75,78,45,38,25,84,38,78,70,79,60,70,60,77,76,77,50,85,80,44,32,74,47,85,60,41,89,63,84,74,80,53,75
Markelle Fultz,Slashing Playmaker,86,82,69,72,75,75,86,85,56,85,92,75,80,90,30,75,42,48,69,79,81,86,86,85,83,74,50,75,66,37,78,72,69,40,35,52
Mikal Bridges,3 & D Wing,83,79,86,85,95,85,80,82,62,85,92,95,84,79,40,75,35,42,54,35,80,78,79,72,88,54,69,82,85,72,80,82,86,80,51,61
PJ Washington,Stretch Four,64,75,81,65,84,85,75,75,68,69,85,80,79,74,65,80,62,65,79,60,80,55,70,63,60,62,62,52,43,85,67,64,62,40,57,75
Mason Plumlee,Glass Cleaner,75,75,58,54,92,70,57,41,73,75,78,92,83,79,80,80,75,70,70,79,81,75,37,50,72,70,74,46,46,73,48,77,68,75,75,84
Malik Beasley,3-Level Scorer,93,82,84,86,95,85,75,75,55,79,85,85,84,85,45,78,63,65,41,72,76,60,76,68,49,41,48,66,35,45,75,60,54,45,35,61
Miles Bridges,3PT Specialist,53,70,83,81,70,75,75,72,73,82,88,75,85,79,60,91,59,60,80,70,79,66,76,71,69,43,60,59,43,78,70,62,59,45,44,67
Coby White,Offense Initiator,81,79,77,79,85,80,85,86,56,81,90,85,80,74,30,65,34,45,49,65,80,77,86,85,77,72,49,64,32,30,79,66,64,45,34,62
Monte Morris,Offensive Threat,84,91,82,82,98,80,83,84,41,72,80,60,81,79,25,50,28,45,32,51,80,94,86,83,90,71,44,62,56,51,70,52,55,35,33,43
LaMelo Ball,Playmaker,60,80,79,72,95,90,84,84,50,79,88,85,82,82,45,65,52,58,52,50,98,84,86,84,89,87,45,69,89,53,76,74,89,60,61,79
Lonzo Ball,2-Way Playmaker,55,76,73,57,65,35,85,85,52,80,88,70,80,74,30,75,35,44,40,50,84,88,86,85,89,69,60,86,46,62,86,84,90,85,32,57
Taj Gibson,Mid-Range Finisher,89,82,69,73,95,80,49,46,83,58,70,95,83,65,75,65,81,80,79,60,77,33,35,32,54,34,69,58,41,67,57,78,62,65,76,67
Jerami Grant,Inside-Out Scorer,78,70,83,82,95,90,71,67,63,78,85,94,82,87,70,85,42,52,60,66,84,60,66,63,39,42,70,69,41,68,74,77,72,75,42,64
George Hill,Offense Initiator,65,79,77,83,85,80,76,78,52,88,92,74,79,79,25,45,33,61,38,50,90,78,86,76,80,70,48,75,46,40,78,73,70,70,37,40
Chris Boucher,Stretch Glass Cleaner,88,64,85,80,79,85,57,55,65,71,85,95,77,69,80,80,62,44,62,79,75,33,41,25,49,34,74,37,41,91,42,80,40,65,90,79
Elfrid Payton,Offense Initiator,82,75,68,57,82,65,76,83,58,77,80,88,83,72,25,50,25,32,25,69,95,83,86,75,81,85,25,79,83,52,79,70,82,75,46,61
Patty Mills,Scoring Machine,84,84,88,86,95,90,85,84,51,66,82,70,82,84,25,25,25,37,25,59,73,79,86,85,84,43,27,65,49,35,72,61,61,40,32,40
Derrick Favors,Glass Cleaner,84,79,52,58,85,60,65,55,85,76,80,70,80,78,85,70,77,72,77,50,70,40,50,41,69,39,75,63,40,87,62,70,45,65,80,83
Joe Harris,Sharpshooter,84,84,92,75,98,90,59,65,36,67,90,85,83,66,25,45,30,48,32,55,88,72,73,59,74,38,34,66,36,42,69,58,63,55,38,51
Jeremy Lamb,3-Level Scorer,92,78,77,84,88,75,69,75,50,82,80,70,82,75,40,70,28,51,48,65,74,75,74,68,78,41,45,69,63,55,74,65,62,50,35,63
Jalen Brunson,Mid-Range Playmaker,93,84,79,81,85,80,82,84,42,69,80,78,81,77,40,50,50,56,50,65,75,84,86,82,88,78,55,70,37,32,78,65,55,35,36,53
Miles Bridges,3PT Specialist,53,70,83,81,70,75,75,72,73,82,88,75,85,79,60,91,59,60,80,70,79,66,76,71,69,43,60,59,43,78,70,62,59,45,44,67
Norman Powell,3PT Specialist,87,79,84,84,95,80,79,83,46,80,92,90,82,77,25,80,30,32,28,69,88,60,72,77,68,39,50,79,63,52,78,77,74,75,35,52
Alec Burks,3PT Specialist,72,78,81,90,82,80,81,78,48,69,89,72,85,78,40,69,40,58,78,79,77,72,79,80,73,64,45,72,49,47,72,74,70,55,38,64
Justise Winslow,Mid-Range Slasher,80,72,69,68,70,70,73,81,65,74,90,85,82,74,40,70,42,44,48,62,87,75,74,73,64,67,63,79,37,53,82,77,78,70,51,68
Jabari Parker,Slashing Four,88,57,68,74,85,85,72,75,80,85,90,82,83,82,85,85,79,79,80,70,94,61,73,66,68,44,68,59,70,55,67,69,68,55,58,70
Bobby Portis,3-Level Scorer,88,84,83,76,94,95,65,64,75,64,80,90,84,68,70,70,78,79,82,69,85,55,52,59,52,32,78,40,56,58,50,75,65,65,73,87
Donte Divincenzo,2-Way Sharpshooter,70,83,88,77,55,45,89,89,35,95,90,85,81,76,25,75,28,45,38,50,78,79,79,81,75,47,58,82,80,42,85,84,88,80,41,56
Dario Saric,Mid-Range Specialist,76,89,75,83,70,75,63,69,65,60,82,86,81,79,45,70,64,64,78,40,92,75,69,57,84,36,70,49,48,42,61,74,50,65,37,85
Onyeka Okongwu,Finisher,73,66,60,72,70,40,74,74,70,75,88,85,83,70,85,75,54,55,57,57,85,51,54,60,50,37,79,64,60,84,69,83,65,65,79,75
Jahlil Okafor,Mid-Range Finisher,85,82,28,64,84,85,48,45,87,60,85,85,84,77,90,60,78,72,80,85,87,60,42,42,68,48,66,33,35,76,43,62,48,35,77,70
Terence Davis,3PT Specialist,53,68,84,87,97,85,73,70,44,76,90,82,80,79,40,75,32,49,38,80,95,75,79,68,78,58,54,74,42,51,80,70,70,55,47,66
Moritz Wagner,3-Level Scorer,86,78,77,82,94,80,73,67,78,75,85,85,81,70,75,65,67,67,68,54,76,54,42,53,55,40,58,40,43,61,47,58,54,35,62,82
Ersan Ilyasova,Stretch Four,76,75,81,83,70,65,42,55,62,45,80,95,69,71,55,55,50,70,70,50,69,55,58,26,64,33,69,51,40,53,42,74,70,55,60,82
Kentavious Caldwell-Pope,3PT Specialist,86,80,86,78,97,85,85,82,40,69,92,85,84,76,35,73,35,58,35,54,85,75,75,80,82,36,45,77,70,50,76,78,70,70,38,42
Kyle Kuzma,3PT Specialist,72,80,85,74,60,40,72,74,74,75,85,80,83,80,75,75,52,55,55,47,85,66,77,67,78,32,61,63,31,62,71,65,44,55,52,64
Tyus Jones,Offense Initiator,88,73,70,74,97,75,74,69,34,57,92,87,84,79,25,30,28,40,35,69,78,79,82,74,79,74,30,67,89,45,70,60,80,50,36,48
Shake Milton,Slasher,87,79,78,85,95,85,77,79,38,77,80,80,83,84,30,60,46,44,40,63,89,78,82,77,79,70,30,65,63,47,74,58,50,40,30,39
Cameron Johnson,Stretch Four,78,77,85,76,95,90,70,69,60,79,85,86,78,64,60,60,69,69,62,51,57,59,59,43,66,41,55,55,41,58,55,64,55,65,46,66
Keldon Johnson,3PT Specialist,74,77,84,70,69,55,76,78,68,71,85,95,80,74,65,65,52,54,60,52,85,68,71,73,68,41,63,69,42,40,75,64,51,55,52,66
Aaron Holiday,Playmaker,71,68,73,86,84,75,76,80,49,56,85,85,84,76,25,60,25,45,32,47,80,82,86,76,82,69,34,68,46,45,75,67,69,45,33,47
Doug McDermott,Stretch Four,88,56,85,83,95,80,59,53,42,67,81,67,83,77,50,65,69,82,62,48,75,65,67,47,55,35,52,58,30,32,60,63,50,40,35,54
Trey Burke,Deep-Range Shot Creator,82,80,85,83,81,90,80,80,41,70,85,85,80,74,25,30,28,45,35,55,85,80,86,80,84,72,48,63,37,32,68,54,60,35,50,41
Thaddeus Young,Inside-Out Scorer,91,60,72,58,95,80,72,63,70,83,88,85,85,74,55,79,79,74,68,60,80,36,67,50,65,68,78,73,63,56,78,75,89,60,62,57
Nerlens Noel,Finisher,82,69,30,77,85,75,66,63,60,74,84,94,76,72,90,75,62,62,64,67,79,32,46,27,60,34,76,45,83,91,62,78,89,60,68,76
Enes Kanter,Glass-Cleaning Finisher,94,77,55,79,92,85,62,25,88,60,86,95,82,79,85,60,79,80,80,69,85,40,50,33,64,35,52,26,42,76,28,39,45,25,96,93
Jaxson Hayes,Glass Cleaner,74,68,54,63,82,80,58,60,72,75,80,95,80,71,85,80,68,54,65,52,90,29,38,41,40,33,79,48,33,82,64,79,45,65,82,80
Obi Toppin,Inside-Out Scorer,70,74,80,70,90,75,70,69,74,90,88,70,88,70,85,85,67,67,69,50,90,55,60,56,59,40,66,48,40,51,47,62,47,40,55,66
Gary Harris,2-Way Finisher,52,78,68,82,60,40,70,75,53,78,85,70,83,82,40,50,28,51,47,60,75,75,76,70,70,37,68,86,63,42,86,84,80,80,33,46
Reggie Jackson,Floor-Spacing Slasher,76,75,82,81,65,60,84,86,48,85,95,85,84,86,25,65,25,48,28,75,88,82,86,84,75,71,49,74,43,40,74,70,74,70,34,62
Kris Dunn,2-Way Tempo Pusher,84,79,65,74,60,50,84,80,56,83,85,75,84,81,40,55,39,60,42,44,82,75,86,84,84,68,40,85,96,52,87,83,93,80,34,63
Alex Len,Glass Cleaner,90,61,63,64,85,80,43,44,75,60,80,92,78,70,80,65,74,48,76,60,64,31,32,25,45,35,74,44,40,82,50,78,62,50,77,85
Denzel Valentine,Sharpshooter,86,85,84,84,88,75,64,61,58,65,88,75,85,76,40,35,35,52,58,40,69,75,75,62,69,54,60,50,73,37,65,47,72,30,31,86
Maxi Kleber,Stretch Four,84,79,84,86,70,40,45,38,73,56,85,90,80,73,75,75,74,76,72,57,80,70,64,45,68,32,74,72,32,78,69,75,68,70,56,65
Ish Smith,Playmaker,48,75,76,69,65,50,88,87,32,70,80,78,83,73,25,30,25,32,25,62,81,86,86,88,85,73,25,74,43,51,77,64,52,50,39,67
Kendrick Nunn,Mid-Range Slasher,79,89,75,84,70,60,75,75,55,76,95,70,82,85,25,75,42,47,40,37,75,70,82,69,72,64,35,62,46,56,69,57,57,45,40,51
Robert Williams,Glass Cleaner,85,44,25,64,98,55,75,62,83,75,80,70,81,72,90,75,60,50,65,44,75,37,48,38,55,29,76,40,88,95,64,83,78,60,93,89
Rondae Hollis-Jefferson,Interior Finisher,44,56,50,74,82,60,86,76,70,93,85,88,82,78,80,84,59,44,69,72,92,60,65,60,38,49,69,69,63,61,75,72,68,55,75,65
Shabazz Napier,Mid-Range Shot Creator,61,87,75,82,96,85,82,83,34,74,90,87,83,78,25,30,28,40,35,52,84,80,84,82,80,74,30,65,76,40,69,60,80,40,35,52
Danuel House,Inside-Out Scorer,50,67,76,80,85,70,63,60,50,75,85,75,83,78,80,75,47,51,47,58,79,69,70,60,69,31,52,60,49,56,70,59,48,55,41,53
Bismack Biyombo,Paint Defender,79,72,25,60,94,65,48,48,80,63,79,95,83,60,85,68,48,45,54,75,35,25,35,25,74,38,82,50,30,86,55,85,54,65,75,75
Marquese Chriss,Interior Finisher,84,74,53,77,92,80,71,70,66,86,85,96,78,68,90,85,79,54,72,69,84,29,50,57,64,60,57,58,46,83,60,78,68,40,70,84
PJ Tucker,Stretch Four,86,74,83,84,75,50,63,63,85,66,88,90,91,55,50,60,59,58,59,36,81,70,65,44,69,31,80,80,43,51,80,74,75,80,48,66
Dorian Finney-Smith,Inside-Out Scorer,76,71,75,72,74,75,67,67,48,83,80,80,81,67,40,84,47,40,40,48,72,65,60,44,61,33,72,79,38,56,79,74,74,70,60,56
Jakob Poeltl,Mid-Range Finisher,92,78,45,49,70,50,51,37,74,57,80,84,80,63,75,60,77,60,75,64,85,69,38,31,62,58,71,45,43,93,34,75,40,45,78,83
Dwight Powell,Interior Big,67,65,64,67,98,95,71,48,80,67,90,95,83,70,75,65,77,79,79,83,90,55,60,44,64,34,74,45,46,57,58,68,74,65,67,67
Jeff Green,Inside-Out Scorer,85,76,82,78,60,50,63,57,70,84,89,78,82,85,65,80,70,68,72,65,85,69,74,50,70,31,69,70,37,37,74,68,54,60,36,52
Danny Green,3 & D Wing,79,64,81,73,70,40,59,77,60,69,82,80,82,70,40,50,30,54,35,40,80,72,70,59,70,50,66,87,59,63,87,84,60,85,48,46
James Johnson,Inside-Out Playmaker,82,60,70,65,85,60,67,55,80,72,84,84,83,84,60,75,59,63,73,61,78,75,74,60,82,67,69,69,56,82,74,74,55,65,46,66
Rodney Hood,Sharpshooter,87,86,82,78,50,60,70,68,37,69,80,76,83,76,40,40,50,58,74,69,89,75,78,68,68,52,58,69,59,51,77,68,68,50,33,49
Kelly Olynyk,Stretch Four,78,75,80,85,75,65,31,33,70,55,84,88,82,70,70,60,79,79,75,74,78,60,42,25,66,50,67,50,43,72,35,66,45,65,40,67
Andre Iguodala,Perimeter Defender,72,70,79,58,44,35,77,77,73,75,83,80,82,70,55,80,47,44,50,42,85,75,78,75,80,64,77,85,46,53,85,83,74,85,36,61
Michael Carter-Williams,Slasher,87,45,60,83,97,60,74,75,38,75,85,95,82,84,40,60,50,62,51,72,95,78,78,74,84,68,58,75,86,62,78,70,85,70,54,60
Mohamed Bamba,Glass Cleaner,46,65,79,67,60,35,84,61,68,75,78,75,81,66,85,70,69,64,69,50,80,35,46,32,51,33,77,48,40,97,64,80,64,65,78,84
DJ Augustin,Deep-Range Shot Creator,63,70,80,89,80,65,83,84,28,68,85,82,84,79,25,25,25,59,32,45,80,77,81,82,80,64,25,60,37,27,70,54,60,50,40,34
Tomas Satoransky,Mid-Range Facilitator,80,84,75,88,95,80,76,77,46,79,80,75,80,79,30,65,30,45,48,65,80,88,76,76,85,73,50,71,63,35,75,70,72,60,46,52
Justin Holiday,3PT Specialist,49,74,86,78,85,75,53,71,45,82,85,83,78,77,60,73,40,42,43,53,63,65,72,50,69,33,60,75,70,62,75,74,78,65,35,54
Kyle Anderson,Playmaker,93,78,77,65,78,75,66,67,55,66,85,64,83,79,55,45,45,48,41,44,70,78,81,65,79,69,60,79,37,62,79,78,75,75,42,82
Al-Farouq Aminu,Stretch Four,60,52,70,66,94,65,58,69,75,63,85,82,82,72,55,70,48,64,54,54,80,65,60,56,66,34,79,77,70,58,77,79,75,75,57,71
Matisse Thybulle,Perimeter Lockdown,62,58,74,61,50,25,76,78,59,70,85,84,80,70,35,75,52,52,47,30,80,68,71,69,68,34,69,87,97,82,86,87,93,85,32,48
Alex Caruso,3PT Playmaker,31,55,79,76,95,70,82,84,31,72,85,76,81,78,35,75,30,43,29,64,68,80,78,82,78,66,31,78,83,50,80,78,86,75,37,55
Josh Hart,Inside-Out Scorer,88,64,80,75,74,50,81,83,44,69,90,95,82,85,25,70,39,58,42,69,95,73,78,79,75,35,46,72,42,32,77,70,70,65,70,87
Nicolo Melli,Mid-Range Specialist,80,85,76,73,95,65,55,54,63,59,80,70,68,62,60,50,49,54,52,52,70,42,60,47,49,43,62,40,56,51,57,60,58,40,36,74
Timothe Luwawu-Cabarrot,3PT Specialist,53,65,80,84,65,45,79,79,42,84,85,78,81,78,40,75,35,51,38,55,82,75,74,73,74,33,55,75,38,37,76,77,54,45,36,45
Deni Avdija,3PT Specialist,82,75,84,71,70,60,73,73,65,79,89,85,84,73,40,75,57,54,59,50,85,68,78,69,75,44,62,69,59,50,74,65,58,55,33,69
Harry Giles,Mid-Range Specialist,77,82,63,77,98,65,68,67,65,75,75,80,79,80,85,75,70,68,70,62,80,65,40,39,74,51,68,42,53,62,60,70,55,35,65,86
Furkan Korkmaz,3PT Specialist,80,79,80,74,85,80,70,69,50,80,85,81,80,76,40,75,30,60,45,65,88,54,73,64,65,33,40,64,41,47,69,56,62,45,31,51
TJ McConnell,Mid-Range Maestro,95,83,73,83,72,55,70,76,44,65,78,92,83,79,25,25,44,58,38,40,79,88,79,70,86,83,49,74,53,45,76,70,80,55,40,55
DeAnthony Melton,2-Way Tempo Pusher,85,60,75,82,75,75,74,76,44,75,80,85,83,74,25,65,25,58,48,50,80,78,81,74,70,66,48,81,92,77,85,77,89,75,34,53
Jamal Crawford,Mid-Range Shot Creator,69,90,76,85,80,60,77,77,40,75,82,51,77,78,25,50,25,57,50,69,78,75,90,77,64,73,43,57,41,45,66,50,60,35,28,42
Boban Marjanovic,Glass Cleaner,80,70,63,77,75,55,25,25,71,40,70,45,65,50,95,60,69,60,76,70,40,60,35,25,35,32,73,30,37,57,35,65,73,65,87,90
Kevin Porter,Offense Initiator,68,67,77,72,70,75,85,85,52,75,88,72,80,75,40,70,25,62,44,39,83,75,82,83,78,54,44,69,56,50,75,64,60,40,35,60
Daniel Gafford,Rim Protector,88,65,29,53,95,80,75,70,66,80,80,89,80,75,85,75,69,67,70,75,70,37,42,44,52,31,70,57,66,93,59,76,50,65,72,66
Trey Lyles,Mid-Range Specialist,66,85,75,73,74,75,54,55,69,65,81,80,84,81,70,65,66,74,69,66,80,55,58,41,60,33,68,36,38,58,52,64,62,40,55,85
Zach Collins,Inside-Out Scorer,88,50,76,75,85,55,66,65,60,79,78,80,80,76,70,65,72,70,70,63,75,37,49,38,38,37,68,45,35,74,57,70,65,50,49,48
Meyers Leonard,Stretch Four,86,80,86,84,85,55,43,38,65,72,76,62,80,70,70,70,52,38,52,45,36,30,32,26,57,34,70,43,32,55,45,70,59,60,41,85
Delon Wright,3PT Playmaker,73,60,80,79,65,55,74,69,58,69,90,90,84,79,25,60,25,46,27,55,85,86,86,74,85,70,33,75,80,52,75,63,80,55,50,61
Kevin Huerter,Mid-Range Specialist,76,83,78,83,85,80,84,78,50,75,85,75,83,73,30,65,25,58,35,45,80,74,76,72,76,69,44,64,66,30,72,63,64,35,40,50
Patrick Williams,Sharpshooter,64,87,81,83,70,50,70,70,60,77,88,75,81,68,60,65,44,42,40,40,80,60,70,64,62,30,70,76,42,66,74,80,65,65,41,55
Malik Monk,3-Level Scorer,85,77,76,82,60,70,80,81,48,88,88,72,80,75,40,80,25,62,45,55,88,75,75,76,68,64,45,68,38,52,73,69,68,45,36,56
James Ennis,Mid-Range Specialist,71,82,73,81,85,75,52,57,58,67,80,75,80,82,70,72,53,57,48,50,85,65,68,50,72,33,68,72,41,56,69,72,70,65,56,62
Frank Kaminsky,Inside-Out Scorer,86,68,78,67,88,90,47,53,66,67,89,85,82,78,50,65,79,79,78,68,90,40,54,38,50,59,65,40,36,51,42,63,50,40,47,76
Willy Hernangomez,Glass Cleaner,86,74,60,63,92,65,44,46,74,49,80,90,80,54,75,65,70,64,72,62,48,30,35,31,40,52,70,41,41,56,48,66,61,50,80,89
Glenn Robinson,"6'7"" (201cm)",--,--,--,--,--,--,--,--,--,--,--,--,--,--,--,--,--,--,--,--,--,--,--,--,--,--,--,--,--,--,--,--,--,--,--,--
Austin Rivers,Deep-Range Shot Creator,76,65,83,67,80,50,77,84,44,82,93,80,82,80,25,65,31,43,42,60,70,79,86,77,82,38,35,79,42,40,79,78,60,75,34,47
Markieff Morris,Stretch Four,75,72,82,78,70,50,57,44,84,63,91,77,92,67,65,67,68,77,78,50,70,44,42,34,78,34,75,42,30,62,50,75,50,55,47,80
Isaac Okoro,Floor-Spacing Slasher,75,67,70,67,75,45,77,77,67,80,89,80,82,82,45,75,47,49,50,64,88,66,72,73,66,37,60,78,43,52,83,70,57,65,36,35
Wesley Matthews,3PT Specialist,68,68,81,76,82,50,70,75,55,70,85,80,84,78,45,50,63,65,65,45,85,72,75,68,77,31,38,78,35,53,79,75,79,70,34,35
John Henson,Rim Protector,84,71,58,50,95,75,56,50,72,59,80,90,80,69,85,75,70,58,60,69,85,30,35,25,66,51,74,53,59,88,59,78,62,70,66,80
Langston Galloway,3-Level Scorer,88,82,85,86,90,80,72,76,48,86,83,70,81,82,25,55,25,37,28,50,61,75,78,71,70,32,30,68,42,37,73,52,64,40,40,41
Chandler Hutchison,Inside-Out Scorer,80,70,74,59,84,75,80,71,69,77,80,65,83,78,40,75,30,45,48,66,80,65,70,69,62,34,40,70,76,52,70,65,75,45,42,75
RJ Barrett,Offense Initiator,56,57,70,61,77,85,84,85,54,82,95,80,80,77,45,80,52,55,79,68,85,75,81,82,74,49,58,69,46,47,77,64,55,45,40,63
DeAndre Hunter,Sharpshooter,84,82,81,76,50,80,76,78,65,75,90,80,80,68,65,70,51,52,51,40,90,67,70,69,64,38,63,81,37,52,85,78,60,75,42,65
Cedi Osman,Well-Rounded Wing,61,74,75,67,78,65,71,70,59,70,85,80,75,76,46,61,38,58,51,39,75,75,75,71,70,69,65,76,46,42,76,70,65,70,35,54
Derrick Jones,Athletic Finisher,77,65,71,77,70,45,77,76,59,93,83,90,78,69,85,94,40,37,49,60,90,65,68,61,54,28,60,59,63,72,71,60,68,30,52,52
Damian Jones,Interior Big,84,66,57,74,85,45,63,55,80,92,80,85,78,75,85,75,52,40,70,64,84,34,35,38,48,31,76,40,42,77,42,80,40,65,67,66
Royce ONeale,Stretch Four,81,67,86,74,75,65,62,62,60,65,80,80,82,76,55,70,54,52,59,59,75,60,68,62,63,39,68,83,40,50,84,80,68,80,46,71
Bryn Forbes,Sharpshooter,82,85,83,83,95,75,68,68,37,72,80,76,83,77,35,40,28,52,42,54,78,52,70,67,62,27,44,58,35,25,69,56,50,30,29,38
Brad Wanamaker,Offensive-Minded Point,63,77,74,93,97,60,79,79,33,75,92,85,80,85,40,54,31,46,40,74,95,79,79,79,79,72,33,57,66,47,67,42,58,30,35,50
Marvin Williams,Stretch Four,90,69,80,87,80,60,73,64,68,62,83,77,75,70,50,66,70,73,65,50,74,55,69,50,70,35,62,49,49,63,57,67,65,60,35,60
Jordan Mcrae,3PT Specialist,71,73,80,76,80,80,70,70,58,67,85,84,90,82,40,70,33,56,45,78,79,60,72,64,42,66,50,51,41,57,68,45,60,25,36,64
Ian Mahinmi,Finisher,77,59,50,62,79,40,61,63,85,58,78,89,83,46,75,69,68,62,74,60,76,32,35,56,64,35,78,51,53,83,46,80,80,60,71,75
Darius Garland,Deep-Range Shot Creator,77,78,85,88,85,80,88,88,40,84,95,95,80,79,25,65,32,37,42,45,80,78,86,88,80,74,31,65,53,47,78,66,50,40,32,47
Damion Lee,3PT Specialist,85,72,85,87,98,85,66,68,55,75,80,70,79,78,40,65,44,48,51,74,78,62,70,66,57,48,57,60,59,34,74,60,66,35,39,61
Avery Bradley,2-Way Sharpshooter,88,86,82,75,60,30,84,78,50,78,85,80,80,70,25,50,28,41,37,40,85,68,78,80,64,43,60,84,53,40,84,80,80,80,32,45
Garrett Temple,3PT Specialist,82,72,84,77,77,50,57,62,44,69,85,79,82,76,25,30,37,55,46,57,85,75,75,57,74,39,46,78,49,45,76,77,74,70,35,45
Jordan Bell,Glass Cleaner,84,73,50,64,74,55,75,67,69,77,90,95,90,78,85,75,50,38,48,40,80,42,45,39,55,37,75,60,31,72,64,78,70,65,80,80
Juan Hernangomez,Stretch Four,30,68,73,62,92,50,62,62,60,70,80,80,83,68,60,70,70,68,63,42,72,55,64,47,62,28,64,64,38,42,66,62,47,55,47,85
Torrey Craig,3PT Specialist,67,56,75,70,75,50,63,61,49,73,80,35,80,70,35,60,40,52,55,48,70,52,69,58,50,30,74,79,37,73,80,79,75,75,55,60
Skal Labissiere,Mid-Range Specialist,88,85,70,76,65,30,63,59,64,81,80,85,83,66,75,75,79,79,44,40,76,37,57,52,66,40,66,49,32,82,57,67,38,45,80,72
Ben McLemore,3PT Specialist,60,74,85,76,84,70,70,72,54,83,90,79,84,78,40,80,42,56,42,69,85,75,74,67,78,30,55,65,40,42,72,68,47,60,32,46
Tyrese Haliburton,Inside-Out Playmaker,84,64,85,77,85,65,79,79,59,70,88,85,80,82,40,65,42,49,40,40,85,80,86,79,79,77,60,74,72,56,74,74,73,65,49,65
Jarrett Culver,Offensive-Minded Wing,73,75,70,46,65,45,81,83,57,88,95,75,80,74,55,75,40,55,57,49,85,68,75,80,66,32,52,70,46,51,75,74,65,45,67,74
Darius Bazley,Inside-Out Scorer,55,66,72,73,79,80,73,75,50,82,80,75,80,79,50,80,59,54,50,54,80,50,69,70,47,34,55,56,36,67,67,60,59,35,37,83
Noah Vonleh,3-Level Scorer,90,74,70,83,73,60,57,50,70,75,80,95,82,61,75,70,72,57,60,67,85,48,58,53,60,41,65,47,42,53,50,72,45,35,72,87
Kyle OQuinn,Mid-Range Specialist,88,88,73,81,75,35,38,25,83,75,78,85,85,57,65,62,60,58,60,58,68,39,47,35,62,68,69,37,36,85,54,64,59,55,85,89
Patrick Patterson,Inside-Out Scorer,74,70,78,71,75,40,65,46,82,68,80,75,82,60,75,60,72,64,70,52,80,30,35,42,64,33,75,66,31,35,60,77,75,65,51,63
Gorgui Dieng,Stretch Five,75,76,81,74,85,75,43,46,73,70,91,83,83,59,70,64,76,55,72,70,70,31,35,31,62,55,69,43,81,71,52,80,59,65,69,79
Devin Vassell,3 & D Wing,68,66,83,74,70,50,72,72,60,77,89,85,82,66,40,60,37,44,70,44,80,69,66,65,70,30,62,77,69,62,81,77,68,65,33,67
Kevon Looney,Mid-Range Finisher,75,74,60,62,95,65,58,69,64,63,85,96,84,80,65,70,55,52,62,52,66,55,61,48,66,49,69,46,37,50,62,74,64,55,74,72
Bruce Brown,3-Level Scorer,79,76,74,74,50,60,76,78,78,80,92,80,84,75,30,70,28,34,42,65,95,79,77,74,75,37,58,77,35,57,77,79,75,65,59,76
Josh Okogie,Slasher,66,69,66,80,50,35,96,90,46,92,80,75,82,70,30,75,30,32,28,40,70,69,76,81,62,41,50,81,45,73,83,81,84,75,46,50
Omari Spellman,Stretch Five,75,74,83,79,85,75,54,52,84,80,84,85,80,70,85,65,70,66,69,72,80,32,39,35,50,35,72,48,53,63,53,72,54,40,67,70
Kent Bazemore,3PT Specialist,48,59,78,77,88,55,81,81,46,82,88,89,82,77,35,75,30,47,70,61,84,75,73,81,70,66,45,77,63,66,79,77,68,75,34,63
Jordan McLaughlin,Offense Initiator,82,74,79,67,85,70,72,72,52,74,80,70,83,81,25,65,25,25,25,59,70,83,84,70,80,76,25,68,80,40,70,52,74,50,31,44
Cameron Payne,3PT Specialist,85,79,84,81,85,75,75,78,39,72,82,75,84,79,25,25,25,36,31,80,72,75,78,83,72,82,31,60,49,37,70,51,52,40,31,60
Matt Thomas,Sharpshooter,72,82,88,90,98,75,64,63,40,64,90,85,85,67,35,55,40,52,40,48,92,60,67,59,66,34,48,51,40,25,61,57,55,45,36,58
Sviatoslav Mykhailiuk,Shooter,45,74,76,81,90,75,82,82,54,69,81,65,79,74,40,55,42,47,38,42,74,69,64,75,64,46,37,55,46,32,67,50,54,30,32,44
Cory Joseph,Offense Initiator,82,72,70,83,89,40,74,72,40,65,88,70,84,76,25,30,27,39,29,60,85,82,84,74,84,68,54,80,43,52,82,71,59,70,37,48
Pat Connaughton,Inside-Out Scorer,84,60,86,82,98,80,77,78,30,95,80,84,83,79,30,86,35,34,30,54,90,69,78,65,73,41,35,69,59,58,74,50,44,40,58,69
Kira Lewis,Offense Initiator,65,68,76,79,75,55,92,93,49,70,85,70,84,74,25,45,25,45,32,50,86,77,82,82,79,74,34,67,66,35,75,68,65,40,34,49
Jevon Carter,3-Level Scorer,64,73,73,81,57,60,76,78,60,71,85,76,81,75,25,35,32,34,30,40,80,75,79,76,70,38,34,79,63,67,84,72,75,70,37,53
Mario Hezonja,3-Level Scorer,86,74,76,82,70,50,75,78,60,84,80,72,85,80,45,75,25,62,45,40,85,60,72,70,70,33,54,70,49,50,77,68,70,50,42,70
Luke Kornet,Rim Protector,77,56,70,83,98,70,38,37,66,62,85,85,77,60,75,60,69,68,69,68,85,50,43,33,60,36,74,32,36,82,34,73,54,60,45,57
Frank Ntilikina,2-Way Tempo Pusher,59,79,75,86,75,50,80,82,47,70,81,80,80,65,30,45,32,48,40,39,85,77,86,80,77,70,35,82,66,52,82,80,70,70,35,47
Mike Muscala,Stretch Five,89,80,81,82,95,80,43,37,76,58,79,80,79,58,75,60,68,64,66,54,64,60,42,40,60,32,68,53,31,60,54,67,54,45,55,72
Chris Clemons,Offense Initiator,59,72,78,86,95,75,86,86,35,79,85,90,80,79,25,60,25,45,32,59,90,74,86,86,72,52,34,57,38,56,71,47,59,30,31,46
Emmanuel Mudiay,Shot Creator,83,88,78,75,87,35,86,84,52,88,80,75,84,76,25,70,35,57,71,65,87,79,82,85,79,70,38,67,40,51,70,68,60,45,37,60
Goga Bitadze,Rim Protector,75,80,60,74,70,70,53,54,78,63,80,75,80,73,75,65,72,67,74,57,85,54,60,52,69,33,64,25,33,91,30,60,40,35,55,75
Landry Shamet,Floor-Spacing Slasher,78,60,74,89,94,40,87,87,41,80,85,81,81,74,35,50,30,38,26,52,76,79,78,84,77,35,25,60,53,32,76,57,50,35,29,42
Bruno Fernando,Finisher,53,70,42,57,88,60,78,76,85,75,85,85,80,75,85,78,64,63,65,69,75,52,50,50,65,39,64,44,40,60,60,65,62,40,70,76
Cameron Reddish,2-Way Tempo Pusher,63,70,76,80,50,40,85,86,52,84,90,75,80,73,50,80,43,52,47,52,85,68,81,79,69,31,55,81,70,40,81,80,80,75,40,59
Josh Jackson,Slasher,80,80,73,70,65,75,81,83,53,86,80,75,80,82,55,75,50,54,59,69,85,55,69,68,44,47,62,74,73,70,72,68,75,55,51,72
Jerome Robinson,3-Level Scorer,60,76,77,80,60,65,76,78,60,71,80,75,83,76,30,60,30,37,38,54,78,74,77,76,76,43,49,62,42,56,76,58,60,35,31,60
Nicolas Claxton,Interior Big,80,64,67,64,92,60,63,62,71,79,90,85,80,75,75,75,62,54,62,66,80,40,49,44,48,48,70,49,28,74,54,70,44,45,73,59
Raul Neto,Sharpshooter,86,82,85,85,92,70,71,75,51,68,82,85,79,74,25,25,43,40,35,64,81,75,79,70,76,53,40,73,83,30,75,66,80,70,33,41
Vincent Poirier,Glass Cleaner,89,71,55,70,65,40,50,48,85,68,80,80,86,62,70,60,60,64,61,54,66,54,40,44,55,36,70,52,30,75,44,69,44,50,82,79
ETwaun Moore,3PT Specialist,85,65,81,67,92,80,70,76,54,78,80,82,83,73,25,55,40,57,47,44,79,75,76,70,70,42,43,62,42,47,69,51,65,40,41,51
Cheick Diallo,Mid-Range Finisher,92,76,52,75,60,50,70,61,73,80,80,70,81,74,85,75,64,57,62,65,63,32,42,38,45,33,67,40,37,62,54,65,55,40,57,85
Jalen Smith,3-Level Scorer,74,77,70,72,68,60,69,68,44,86,82,75,80,60,85,80,68,66,67,47,80,29,38,49,40,34,70,48,42,76,62,73,44,55,66,73
Ante Zizic,Mid-Range Finisher,82,80,32,71,70,65,58,60,78,60,85,89,80,62,70,65,72,68,73,64,68,34,32,25,55,29,64,41,43,58,52,65,61,45,67,85
Chimezie Metu,Finisher,84,40,61,77,85,45,52,52,69,75,80,80,83,70,80,70,58,40,49,50,85,48,37,30,58,45,67,51,59,51,60,68,55,40,79,76
Georges Niang,3-Level Scorer,87,76,79,83,65,60,44,46,49,72,88,80,84,70,25,50,70,71,70,51,74,65,67,44,70,30,60,55,34,37,55,62,60,40,36,70
Lonnie Walker,3PT Specialist,53,75,84,72,70,65,94,93,64,83,85,65,82,74,40,75,48,53,48,40,75,70,78,77,67,36,55,74,53,55,78,62,65,35,38,59
Kyle Korver,Sharpshooter,70,91,85,87,75,70,45,54,36,57,80,70,81,70,25,25,28,60,32,37,70,68,65,32,70,38,47,60,40,52,65,50,64,35,34,50
PJ Dozier,Sharpshooter,69,84,82,60,50,50,86,86,40,85,80,70,81,75,50,75,44,41,39,42,78,68,76,77,69,65,48,74,43,60,76,65,60,50,36,54
DeMarre Carroll,Inside-Out Scorer,69,65,75,76,90,60,45,52,72,65,88,92,81,78,60,65,40,58,60,68,82,65,60,45,75,40,64,78,35,55,76,78,81,70,50,67
Nicolas Batum,Stretch Four,79,84,85,87,60,70,68,64,42,82,88,80,83,74,55,60,40,63,62,35,80,75,71,68,78,50,66,73,63,42,70,68,50,60,48,68
Patrick McCaw,Inside-Out Scorer,66,71,75,87,60,35,75,61,58,72,89,76,82,73,40,75,44,57,46,57,73,60,70,69,62,43,54,75,59,35,74,72,79,60,36,43
Chris Silva,Glass Cleaner,65,69,72,69,40,30,62,62,69,75,82,75,83,67,70,65,53,52,60,54,78,65,65,54,54,40,62,55,42,87,51,60,52,35,88,74
David Nwaba,3-Level Scorer,81,76,73,68,70,60,70,72,68,80,85,97,81,70,50,75,40,38,44,54,72,60,65,67,44,29,69,79,56,76,78,79,82,75,41,61
Quinn Cook,Sharpshooter,78,81,81,77,74,70,77,74,34,60,80,87,83,82,25,30,28,42,31,59,74,78,80,77,77,54,30,65,41,30,75,52,51,30,34,46
Corey Brewer,Ball Hawk,26,70,74,72,75,60,67,61,58,72,89,76,82,75,40,75,44,57,46,63,82,65,68,65,62,40,58,74,92,51,76,70,90,55,51,51
Shaquille Harrison,Perimeter Lockdown,61,49,77,78,50,45,73,75,45,89,90,85,81,79,40,70,34,40,33,52,84,79,77,71,79,60,40,80,90,76,83,79,89,75,48,64
Robin Lopez,Interior Finisher,91,73,76,54,70,70,25,25,75,57,85,95,82,78,75,60,91,55,77,53,88,30,35,25,69,29,70,55,28,68,25,80,64,70,77,67
DeAndre Bembry,Slasher,89,55,59,54,95,75,70,70,60,72,85,75,82,84,45,75,40,51,60,72,90,75,78,67,82,46,52,75,86,56,74,70,85,60,45,61
JaKarr Sampson,Interior Finisher,84,70,68,81,84,60,58,67,40,78,80,90,81,74,65,75,48,44,58,55,75,50,70,66,54,28,60,77,41,62,77,75,71,70,49,61
Taurean Prince,3-Level Scorer,58,74,74,80,70,60,80,78,60,84,84,85,81,76,75,70,52,45,51,45,85,68,70,69,55,29,64,74,49,68,76,68,81,60,30,62
Jake Layman,Stretch Four,68,78,73,70,84,45,68,65,57,84,80,81,79,64,50,60,49,45,54,56,55,65,68,60,52,32,60,66,80,66,72,56,62,45,41,40
Dion Waiters,3PT Specialist,82,72,81,50,50,80,71,78,64,78,88,70,81,80,40,75,46,53,48,62,85,75,80,71,74,63,55,74,40,42,75,59,65,50,28,50
Chris Chiozza,Offensive-Minded Point,69,73,75,76,77,50,73,76,42,68,80,79,81,70,25,30,35,30,30,40,78,79,78,70,72,73,31,68,78,42,71,65,75,45,37,56
RJ Hampton,Offense Initiator,67,67,69,68,60,45,90,90,54,83,89,70,83,79,40,75,54,57,50,40,98,70,83,88,71,67,49,71,62,37,77,60,63,50,50,64
Kevin Knox,3PT Specialist,55,66,83,65,55,40,75,75,70,80,90,73,82,67,65,75,59,52,68,49,78,59,75,72,60,34,57,69,37,62,72,68,69,40,37,62
Luka Samanic,Inside-Out Scorer,74,68,72,72,65,50,72,74,63,79,80,75,80,71,65,60,64,62,69,44,70,59,64,57,68,48,59,48,40,66,60,75,52,50,59,65
Damyean Dotson,Mid-Range Specialist,44,85,72,68,85,70,86,86,33,79,80,64,80,73,40,60,31,46,40,44,80,52,65,74,50,65,33,66,40,40,72,64,58,45,28,41
Tony Snell,Sharpshooter,85,86,84,88,75,40,68,67,48,72,81,85,82,63,35,75,33,48,43,44,85,65,74,60,70,42,40,78,37,45,77,74,77,70,27,42
JaMychal Green,Stretch Glass Cleaner,67,70,84,73,65,55,59,55,69,74,85,80,81,69,70,70,63,56,64,60,88,55,35,44,61,30,69,51,37,56,62,69,60,35,60,85
Joakim Noah,Glass Cleaner,65,41,25,72,70,40,40,40,75,74,80,90,76,68,75,60,52,40,55,61,63,60,42,25,62,70,78,54,42,81,46,80,60,75,71,91
Tyson Chandler,Finisher,64,48,25,59,50,30,48,25,78,65,75,65,76,64,90,73,65,52,51,48,58,40,35,25,64,28,79,51,41,71,59,80,75,70,79,75
Saddiq Bey,Stretch Four,65,73,86,74,60,60,63,60,50,70,87,75,81,70,45,60,43,42,52,45,84,57,70,57,50,39,64,75,47,44,79,77,52,60,38,50
Andre Roberson,Finisher,40,54,50,32,75,30,68,67,69,72,82,95,82,72,55,77,52,52,51,42,85,75,70,66,74,31,74,79,66,71,79,78,77,75,63,55
Nassir Little,Mid-Range Finisher,74,76,60,64,60,45,77,79,70,81,85,85,80,79,35,82,54,52,59,50,80,52,65,68,49,30,68,70,38,61,77,70,65,55,53,60
Mike Scott,3-Level Scorer,88,73,72,77,85,65,44,44,73,63,81,88,82,69,70,70,63,65,65,40,70,39,44,44,42,25,67,65,32,51,65,63,52,50,39,54
Chuma Okeke,Perimeter Defender,62,73,76,72,40,40,70,70,60,74,80,80,80,70,45,50,48,52,53,40,70,65,69,65,66,30,63,80,83,72,81,77,75,45,68,64
Josh Green,Floor-Spacing Slasher,70,68,77,78,68,50,87,86,60,80,84,70,83,70,30,75,35,34,30,40,75,60,70,72,60,41,35,75,52,35,83,79,55,60,51,67
Cole Anthony,Offense Initiator,78,75,70,75,85,70,84,84,59,77,88,70,98,73,40,65,49,58,44,52,98,79,84,84,76,69,45,69,69,50,74,55,52,45,54,62
Talen Horton-Tucker,Mid-Range Specialist,69,82,72,83,80,70,63,63,65,67,85,85,80,70,30,65,42,51,42,67,80,66,73,60,64,65,44,74,80,65,78,70,70,50,44,53
Mfiondu Kabengele,Mid-Range Finisher,70,74,64,76,60,40,72,70,75,72,85,80,80,68,80,80,54,50,60,40,75,34,54,55,48,28,74,58,44,81,57,74,44,50,72,68
Jordan Poole,Floor-Spacing Slasher,68,67,71,80,78,75,73,78,61,73,80,65,80,75,45,60,29,47,44,65,80,66,78,72,68,62,47,65,41,42,74,65,55,30,28,48
Justin Jackson,3-Level Scorer,92,80,70,82,79,60,73,76,57,79,85,66,80,65,35,60,32,51,41,52,82,65,74,69,62,33,40,64,32,47,70,60,60,40,40,57
Sekou Doumbouya,Inside-Out Scorer,77,73,78,67,35,40,82,83,79,94,85,85,80,75,75,85,74,65,68,50,70,49,50,60,52,28,64,60,41,47,65,69,50,40,40,63
Cody Martin,Slasher,72,69,63,65,97,75,58,58,58,75,85,65,80,82,25,75,55,44,38,65,75,64,70,57,69,63,48,62,56,40,66,67,65,35,57,62
Luc Mbah,Stretch Four,61,65,79,70,70,40,59,55,68,78,75,90,80,67,60,60,58,59,65,66,77,32,61,41,68,29,78,78,65,51,77,85,78,75,33,54
Darius Miller,Mid-Range Specialist,84,83,78,79,82,50,65,69,58,85,81,68,81,75,40,50,35,51,45,29,80,52,68,60,54,41,48,61,38,51,67,57,44,40,29,41
Dante Exum,Inside-Out Playmaker,66,70,75,74,70,35,79,82,48,77,80,85,83,75,25,60,28,55,40,63,85,75,75,79,77,43,27,79,41,53,79,78,74,75,38,56
Grayson Allen,3PT Specialist,78,76,84,89,70,60,84,78,44,81,85,80,82,74,25,70,31,43,42,51,78,70,73,79,74,46,35,72,66,50,74,70,74,45,36,55
Isaac Bonga,Floor-Spacing Slasher,85,64,79,81,55,40,75,60,40,77,75,65,82,76,55,65,53,62,44,44,80,77,77,41,77,34,55,66,49,57,73,65,55,35,56,60
Aaron Nesmith,3PT Shooter,68,70,75,83,75,50,61,62,52,67,87,65,81,69,35,55,41,53,39,54,76,69,70,60,65,39,35,65,62,47,66,72,52,35,30,47
Isaiah Stewart,Finisher,76,69,45,80,70,60,63,62,80,70,84,87,77,69,75,70,73,64,71,64,79,44,34,52,50,32,70,54,44,74,60,72,42,50,61,77
JR Smith,Floor-Spacing Slasher,70,70,77,80,60,40,70,76,52,78,85,72,79,74,40,70,25,52,45,37,83,65,74,68,70,53,40,72,69,51,72,67,65,50,25,48
Thabo Sefolosha,Interior Finisher,70,68,69,64,65,30,58,60,63,76,80,72,81,71,40,70,35,51,44,40,82,70,68,53,46,34,55,76,80,63,76,76,81,70,50,68
Jared Dudley,Stretch Four,75,86,84,70,75,60,47,44,69,65,84,74,86,70,40,35,35,52,58,44,88,55,63,41,58,34,65,64,53,45,68,79,72,65,34,58
Ed Davis,Glass Cleaner,74,52,25,62,50,30,65,38,78,75,80,85,81,60,75,69,60,57,55,42,63,32,45,38,60,32,67,40,56,66,54,67,55,50,94,83
Gary Clark,Stretch Four,75,78,71,80,85,70,53,54,65,75,80,80,80,66,55,60,60,54,62,54,90,52,54,35,54,29,69,73,32,68,74,68,66,65,57,63
Michael Kidd-Gilchrist,Floor-Spacing Slasher,70,60,70,77,78,25,76,76,67,78,89,75,80,68,55,75,51,60,70,40,88,65,73,67,69,35,75,75,30,58,77,74,60,65,52,77
Javonte Green,Slasher,80,70,65,82,65,75,72,74,46,85,80,75,82,82,25,85,30,32,28,69,80,60,72,69,68,34,50,68,78,56,69,65,80,50,48,65
Anzejs Pasecniks,Interior Finisher,89,67,54,59,68,65,55,54,75,64,85,92,80,60,70,65,67,62,66,50,68,33,32,26,52,31,69,40,36,66,52,67,61,45,71,67
Tyler Zeller,3-Level Scorer,87,72,72,68,90,45,44,32,72,72,80,88,77,52,70,60,70,68,72,57,70,36,35,26,58,32,67,55,33,65,40,70,55,55,75,74
Dennis Smith,Offense Initiator,63,37,72,51,64,40,86,87,54,91,88,45,80,76,25,85,30,31,38,60,80,76,86,85,75,73,25,66,76,53,77,65,75,45,45,54
Tyler Johnson,Slasher,89,73,71,75,85,60,73,70,30,82,80,84,81,86,30,75,35,42,30,70,78,85,78,72,75,52,35,72,38,53,70,62,58,40,35,48
Wayne Ellington,3PT Specialist,72,71,86,80,96,65,70,71,64,78,80,52,80,70,35,50,30,60,35,49,84,75,70,64,75,42,38,60,38,42,70,42,49,40,28,55
Gary Payton,All-Around 2-Way,84,81,80,74,98,85,85,88,65,74,98,90,93,93,25,42,60,83,85,67,98,97,89,91,98,78,60,98,99,37,99,98,93,98,45,46
Wesley Iwundu,3PT Shot Creator,71,74,72,82,70,55,62,64,49,79,80,75,80,60,40,65,49,58,52,44,80,68,74,60,62,34,62,70,43,51,75,66,62,50,39,56
Ryan Broekhoff,3PT Specialist,75,71,83,89,75,65,65,67,40,70,80,70,80,70,35,60,40,55,48,52,78,62,70,60,64,35,44,65,41,58,67,49,52,40,40,74
Naz Reid,Inside-Out Scorer,85,70,79,70,94,75,50,49,80,70,88,92,80,76,70,70,60,58,60,68,88,59,58,49,65,37,77,54,40,80,54,64,59,55,69,74
Khem Birch,Finisher,74,50,62,70,85,65,71,67,73,78,75,90,83,61,75,70,61,54,55,59,78,25,32,34,40,31,77,48,37,74,57,79,60,65,77,65
Dewayne Dedmon,Mid-Range Shooter,79,73,51,81,85,40,44,39,79,66,77,75,80,47,60,60,55,46,59,61,59,25,44,31,52,29,78,48,43,83,59,78,58,75,66,89
Anfernee Simons,3-Level Scorer,76,80,72,83,70,70,86,89,27,90,70,80,80,73,40,75,25,44,32,60,75,79,78,79,79,33,34,59,33,63,76,50,55,30,34,66
Maurice Harkless,Inside-Out Scorer,69,58,78,59,70,40,72,76,45,82,85,79,85,78,55,82,40,42,40,37,85,65,63,61,48,32,60,76,56,60,76,78,64,70,45,59
Reggie Bullock,Floor-Spacing Slasher,67,82,76,84,85,65,63,67,50,72,80,70,80,71,40,50,30,51,42,50,66,75,71,56,72,37,50,56,53,35,65,63,50,40,35,47
John Konchar,3PT Specialist,72,74,80,70,94,85,62,63,37,70,90,90,84,75,30,45,28,34,42,44,85,74,75,60,76,70,44,62,79,56,69,50,60,45,65,71
Cristiano Felicio,Mid-Range Finisher,54,74,25,69,72,55,61,62,79,78,75,94,82,55,85,78,58,48,60,66,59,33,35,43,44,31,69,37,40,37,50,65,45,35,88,61
Bruno Caboclo,Rebounder,62,68,60,84,74,60,67,69,40,77,80,85,81,70,50,70,30,42,30,29,84,65,62,66,62,34,60,59,76,86,66,70,81,35,73,62
Jerian Grant,Mid-Range Playmaker,72,84,77,65,78,50,77,82,48,60,80,76,84,77,25,65,25,48,28,50,78,85,86,77,90,71,49,72,70,37,77,66,59,50,35,47
Udonis Haslem,Interior Big,82,66,47,75,64,35,54,33,73,60,78,90,76,52,55,61,62,68,60,56,64,29,35,31,64,29,74,55,64,40,48,70,66,60,57,80
Ty Jerome,Offense Initiator,64,75,70,74,65,40,69,68,56,62,85,85,80,68,40,45,38,37,40,41,80,76,86,69,75,67,40,66,63,45,73,65,68,50,35,56
Tyrell Terry,Offensive-Minded Point,70,77,78,88,65,65,72,72,44,72,85,75,80,74,25,40,27,34,32,50,69,74,76,72,72,64,30,55,44,30,65,59,44,35,30,49
Nickeil Alexander-Walker,Shot Creator,89,84,83,57,75,65,72,75,60,70,90,75,80,70,40,60,54,58,64,54,88,75,81,72,76,62,52,75,70,40,76,70,74,55,34,62
Immanuel Quickley,Deep-Range Shot Creator,65,80,80,89,85,65,82,82,54,79,81,65,79,66,40,55,50,51,45,62,74,75,70,76,60,37,37,71,46,32,74,69,44,55,37,42
Jaylen Nowell,Shot Creator,69,76,70,78,65,40,81,80,39,79,85,80,80,68,25,65,27,40,38,48,78,64,75,77,68,66,29,60,36,40,67,55,58,40,35,43
Alen Smailagic,Prospect,65,64,59,66,65,45,59,68,68,67,85,85,80,69,65,65,62,60,66,54,70,59,59,48,62,56,69,50,37,66,65,68,50,45,62,60
KZ Okpala,Inside-Out Scorer,67,65,74,67,60,40,75,75,52,83,85,80,80,74,85,80,42,38,44,48,80,65,60,70,69,47,59,66,54,57,75,60,68,30,47,57
Norvel Pelle,Rim Protector,74,66,29,75,54,40,56,59,68,75,80,90,82,59,75,75,68,54,59,47,75,44,45,44,52,30,69,37,28,90,47,60,40,40,69,89
Terance Mann,Offensive-Minded Wing,72,72,73,76,78,50,71,70,50,79,85,85,80,77,45,75,47,50,50,51,75,72,77,70,83,32,54,66,40,56,73,59,52,40,67,73
Sterling Brown,3PT Specialist,73,74,85,74,85,45,70,71,54,65,81,65,79,66,40,75,50,51,45,32,74,75,70,58,60,37,37,69,43,47,74,58,64,45,47,73
Elie Okobo,Offense Initiator,63,73,79,69,50,70,80,79,52,75,85,65,80,74,25,40,32,44,38,62,75,78,86,80,78,70,48,69,46,37,76,67,65,40,37,53
Bol Bol,3-Level Scorer,78,79,77,75,57,50,68,68,55,69,80,50,77,64,85,70,70,68,70,62,75,50,67,60,40,39,72,52,47,86,58,64,49,40,67,84
Yogi Ferrell,Mid-Range Shot Creator,85,93,70,88,88,40,84,84,32,70,92,65,80,77,25,30,25,32,25,50,88,84,86,84,86,66,25,64,42,45,70,50,48,35,32,50
Johnathan Motley,Finisher,83,70,50,60,74,55,62,67,60,75,85,92,82,64,75,75,52,44,54,60,85,51,49,44,55,44,62,45,43,55,54,64,52,40,75,70
Sindarius Thornwell,Mid-Range Finisher,68,75,69,74,65,60,66,67,69,72,85,65,83,75,40,45,30,45,48,45,69,65,70,60,62,33,54,70,63,57,74,68,40,55,33,57
Troy Daniels,Mid-Range Specialist,92,88,79,78,80,75,68,77,62,63,85,68,81,74,25,35,27,46,50,38,84,60,65,67,70,29,33,56,35,40,65,57,52,40,39,44
Udoka Azubuike,Finisher,64,34,25,44,59,65,72,70,80,93,79,75,83,70,85,75,44,45,48,50,35,25,35,44,34,27,76,44,31,77,51,74,54,60,76,75
Grant Williams,Inside-Out Scorer,88,70,73,73,60,40,58,60,73,66,88,85,80,60,50,60,59,58,66,44,81,69,66,54,72,31,68,58,42,62,70,69,60,65,60,52
Brandon Goodwin,Offensive-Minded Point,66,72,73,82,50,50,84,83,52,83,80,74,81,77,30,65,30,31,29,40,71,75,76,83,70,70,34,67,70,40,72,59,58,40,38,50
Dylan Windler,3PT Specialist,67,75,83,85,50,45,68,69,62,75,80,65,80,72,35,50,32,44,44,37,80,62,69,67,64,53,42,60,64,56,65,57,60,35,59,69
Courtney Lee,3PT Specialist,87,70,86,67,70,50,72,77,46,82,75,75,78,76,35,69,30,61,49,50,84,75,74,70,70,29,34,74,76,55,74,68,77,65,36,43
Justin James,Inside-Out Scorer,73,68,74,74,55,40,71,70,54,70,80,60,80,74,60,65,54,52,52,66,70,69,69,68,69,42,57,66,41,78,71,65,65,45,40,57
Garrison Mathews,3PT Specialist,60,75,85,91,88,75,50,50,44,65,85,88,79,73,45,55,36,47,48,62,80,61,73,47,60,31,42,52,46,35,60,52,40,35,38,47
Terrance Ferguson,Inside-Out Scorer,41,51,72,73,98,75,68,67,40,85,86,70,82,78,50,89,58,44,45,30,95,65,70,67,62,30,50,75,38,51,78,67,68,65,36,36
Zeke Nnaji,Mid-Range Finisher,74,72,50,76,65,55,79,77,70,82,80,76,83,70,80,70,69,67,67,64,77,33,37,53,42,30,69,54,37,44,57,57,42,45,74,71
Marco Belinelli,Sharpshooter,79,81,80,78,70,65,49,53,33,69,83,73,80,79,25,65,28,54,34,50,70,75,72,43,82,43,53,60,32,27,65,64,64,45,27,54
Semi Ojeleye,Stretch Four,74,70,80,62,75,60,82,84,68,85,85,85,87,72,75,75,57,55,64,55,80,54,71,55,58,29,65,59,37,35,69,57,58,35,49,66
Treveon Graham,Mid-Range Finisher,83,79,68,64,62,65,66,67,62,78,80,80,82,70,65,70,42,52,37,54,75,60,62,63,39,32,48,66,40,37,73,60,68,60,53,54
Rodions Kurucs,Stretch Four,60,70,79,78,70,60,70,69,50,74,80,65,87,70,40,65,35,38,30,45,85,54,68,66,55,38,49,62,46,37,72,59,40,40,43,65
Daniel Oturu,Paint Defender,73,69,69,67,49,40,60,60,50,69,81,65,84,68,75,70,65,66,66,41,80,45,37,48,42,37,76,40,38,70,60,75,65,60,70,76
Jacob Evans,3-Level Scorer,66,73,76,86,80,50,80,76,68,69,85,93,88,74,45,65,57,60,51,54,80,65,75,71,83,42,50,73,41,66,78,68,75,60,36,46
Jontay Porter,Stretch Five,69,70,75,75,50,40,56,59,72,67,85,52,80,68,65,70,55,52,60,40,85,42,48,44,52,34,62,35,30,69,50,60,54,30,52,70
Stanley Johnson,3-Level Scorer,89,79,78,78,75,40,67,76,60,61,80,85,84,72,35,70,38,40,34,50,80,65,70,67,45,41,55,78,73,50,77,72,78,50,39,67
Justin Anderson,Perimeter Defender,63,60,66,74,78,50,73,75,75,97,88,90,87,58,50,70,38,42,39,36,81,65,68,66,58,33,48,74,66,63,76,72,70,65,51,61
Dzanan Musa,Mid-Range Slasher,66,74,58,75,65,50,72,71,52,75,85,70,84,75,40,65,52,54,60,57,75,66,74,67,60,42,58,63,43,30,71,64,60,35,50,57
Ky Bowman,3-Level Scorer,63,79,73,83,78,75,72,72,40,76,70,80,80,77,25,70,25,44,32,59,75,70,79,72,64,68,34,62,63,47,76,61,55,40,37,51
Anthony Tolliver,Stretch Four,60,75,75,78,85,65,56,32,70,60,81,64,83,68,55,55,46,62,58,51,80,55,52,31,63,31,53,59,37,52,40,71,55,55,46,62
Kenrich Williams,3PT Shooter,53,45,76,54,97,75,62,60,63,72,80,90,80,74,40,65,40,52,54,55,90,69,69,56,69,49,62,63,59,62,75,60,60,45,53,59
Edmond Sumner,Mid-Range Slasher,60,72,68,63,70,50,82,84,40,93,86,80,82,66,50,80,37,44,45,64,80,59,70,81,66,61,44,62,63,60,75,60,60,35,41,46
Abdel Nader,3PT Specialist,80,70,81,77,88,70,72,74,52,79,80,75,87,74,40,70,35,38,30,65,85,48,69,63,49,32,42,62,41,62,72,59,40,40,35,52
Keita Bates-Diop,Stretch Four,51,69,76,71,50,50,77,77,60,72,80,70,76,70,55,65,54,63,60,55,70,58,66,66,56,32,63,63,40,66,74,60,60,35,41,63
Admiral Schofield,3-Level Scorer,70,72,73,70,55,45,59,59,65,78,85,80,80,70,45,65,62,62,59,47,80,59,73,59,62,32,59,66,41,47,74,60,57,45,36,52
Solomon Hill,Floor-Spacing Slasher,84,67,74,71,79,55,72,44,58,70,90,90,81,74,30,65,51,58,51,54,86,65,72,65,42,31,48,78,42,55,76,76,66,60,40,54
Malachi Flynn,Well-Rounded Point,67,75,73,85,70,50,73,73,44,65,83,70,82,79,25,25,25,37,25,59,73,74,76,73,73,69,27,69,79,35,76,69,68,55,32,40
TJ Leaf,Inside-Out Scorer,93,64,70,61,68,30,70,61,60,75,80,65,81,60,65,60,60,67,68,40,80,58,52,44,64,29,67,45,59,53,49,66,60,35,75,78
Alize Johnson,Mid-Range Finisher,68,72,69,74,50,35,54,55,60,53,80,80,85,72,70,70,57,54,64,40,80,64,68,50,65,35,64,44,59,44,64,63,55,35,77,80
Wenyen Gabriel,Inside-Out Scorer,63,62,70,63,50,45,66,64,69,75,80,85,81,70,75,75,52,38,46,44,70,55,60,58,59,30,69,59,70,65,62,70,54,55,67,61
Hamidou Diallo,Slasher,86,67,74,62,92,75,86,87,52,97,75,80,81,84,45,93,31,29,38,45,75,66,75,79,62,60,40,65,70,52,77,60,78,40,46,76
Tyler Bey,Mid-Range Finisher,71,74,68,74,40,35,82,81,63,94,85,85,81,73,45,75,49,52,57,57,80,56,65,69,49,44,65,76,57,53,79,72,70,60,39,48
Ignas Brazdeikis,3-Level Scorer,74,74,76,77,95,40,62,64,48,75,80,80,80,70,30,65,38,37,30,44,68,61,70,60,60,51,57,59,38,58,68,50,44,30,49,63
DaQuan Jeffries,3-Level Scorer,60,75,76,76,50,50,79,79,57,89,80,60,80,72,70,75,63,65,60,42,70,55,70,68,53,37,54,58,53,50,69,50,54,35,51,65
Robert Woodard,Stretch Four,56,73,74,64,50,30,82,82,62,83,80,80,82,70,65,70,42,52,37,44,75,55,57,63,54,34,48,76,60,60,73,60,68,60,54,55
Juwan Morgan,Stretch Four,69,71,70,69,50,40,59,57,50,65,80,75,79,60,70,65,54,52,57,47,74,38,54,43,55,30,65,57,54,71,57,64,68,50,70,70
Elijah Hughes,Shot Creator,69,72,76,77,75,65,75,75,55,78,85,75,84,69,45,70,57,57,41,51,82,57,72,68,47,49,49,64,46,40,69,57,52,40,33,54
Isaiah Roby,Inside-Out Scorer,83,70,75,68,82,70,74,72,50,79,80,85,80,75,75,75,50,51,62,60,85,48,55,50,47,39,62,60,40,60,63,60,60,50,72,79
Jalen McDaniels,Stretch Four,74,70,78,74,50,30,57,56,60,73,80,80,80,67,60,65,62,68,59,55,68,55,62,54,59,33,59,55,42,57,60,55,50,35,52,74
Tacko Fall,Finisher,68,48,30,40,55,35,25,25,79,27,70,55,80,69,85,65,50,47,50,39,45,44,40,25,54,29,70,25,56,80,25,74,48,45,76,82
Carsen Edwards,Mid-Range Shot Creator,65,82,73,84,65,60,81,81,39,74,85,56,80,70,25,65,25,60,30,52,80,75,86,85,74,38,31,59,43,47,70,54,48,35,35,56
Jarred Vanderbilt,Finisher,63,59,50,60,50,70,75,76,70,80,75,80,78,73,70,75,40,32,50,50,85,60,65,65,38,50,68,68,89,65,70,72,88,65,65,86
Romeo Langford,Mid-Range Slasher,71,72,65,72,45,35,84,84,42,81,92,75,80,73,35,65,35,58,37,54,80,70,79,80,69,27,42,65,41,58,76,69,50,35,50,41
Vernon Carey,Finisher,79,71,63,67,75,50,49,49,83,72,82,80,85,57,80,70,64,58,57,72,68,39,44,37,52,47,66,36,39,69,44,62,52,45,74,77
Alize Johnson,Mid-Range Finisher,68,72,69,74,50,35,54,55,60,53,80,80,85,72,70,70,57,54,64,40,80,64,68,50,65,35,64,44,59,44,64,63,55,35,77,80
Deonte Burton,Slasher,69,70,60,74,70,55,76,78,64,85,80,75,80,73,40,75,49,51,58,45,80,64,72,74,68,31,58,65,36,70,73,59,60,40,36,65
DJ Wilson,Inside-Out Scorer,83,70,73,55,68,50,63,64,63,62,83,90,75,70,50,66,69,65,55,50,74,60,69,56,65,40,60,37,28,56,67,66,50,40,43,74
Zhaire Smith,Inside-Out Scorer,64,71,74,72,40,35,95,90,63,91,85,85,81,72,40,80,35,51,44,40,80,66,70,69,48,46,55,71,57,53,79,68,70,50,39,48
Matthew Dellavedova,Mid-Interior Playmaker,88,80,58,89,60,30,70,65,35,67,82,95,81,68,25,25,28,28,30,38,76,75,75,70,80,74,30,82,40,30,77,79,60,75,36,44
Desmond Bane,3PT Specialist,77,74,85,79,80,70,66,64,46,72,75,75,78,71,35,69,30,61,49,47,84,76,74,61,74,33,34,66,49,31,67,62,54,35,34,54
Thanasis Antetokounmpo,Lob Threat,68,60,70,62,72,45,77,75,42,82,80,75,87,69,40,85,33,40,30,78,64,54,60,69,55,45,42,59,38,42,60,44,40,40,72,50
Charles Brown,3-Level Scorer,75,76,79,82,45,45,76,76,55,75,80,45,83,79,40,45,30,45,38,42,70,62,77,75,60,49,40,65,64,30,72,63,40,35,29,39
Dwayne Bacon,Inside-Out Scorer,69,59,72,66,72,70,72,72,56,79,88,88,80,76,50,65,50,52,68,50,85,62,70,67,52,44,38,60,49,32,66,58,60,35,36,61
Brandon Knight,Mid-Range Specialist,64,84,78,79,70,50,80,80,52,69,95,85,80,83,25,60,25,38,26,70,75,76,78,80,75,70,55,64,38,40,70,65,65,50,30,47
Payton Pritchard,Sharpshooter,83,82,86,81,95,80,75,75,41,66,84,78,81,74,25,35,40,46,35,65,75,79,79,75,82,65,36,60,70,56,69,60,45,35,36,52
Dean Wade,Inside-Out Scorer,67,68,70,70,50,40,62,62,50,83,80,85,79,60,80,75,60,60,64,60,70,38,60,43,55,33,50,44,53,42,58,70,68,45,40,53
Xavier Tillman,Interior Big,83,63,60,66,85,60,46,44,72,69,82,88,80,65,70,65,60,64,62,60,77,62,61,37,68,44,78,66,84,61,67,80,84,75,59,66
Alfonzo McKinnie,Mid-Range Finisher,80,74,60,56,60,40,63,65,61,82,80,85,83,70,70,65,51,54,52,51,78,54,59,43,52,28,65,66,56,51,69,65,64,50,59,62
Ryan Arcidiacono,Sharpshooter,37,85,83,71,85,60,70,72,40,66,80,74,82,76,25,30,27,38,38,45,78,85,79,70,85,56,35,65,42,32,68,66,62,40,36,52
Tre Jones,3PT Playmaker,60,68,73,81,57,35,74,74,60,71,80,75,81,70,25,35,32,34,30,40,80,79,79,74,79,74,34,75,76,55,79,70,76,65,42,52
Johnathan Williams,Rebounder,72,70,60,56,45,25,68,69,40,77,80,75,80,65,65,70,60,57,62,35,75,44,57,56,62,31,62,37,28,78,55,59,40,35,75,82
Donta Hall,Prospect,62,60,66,75,65,30,66,65,65,75,90,70,81,70,45,70,58,34,49,50,75,58,62,54,57,34,70,66,32,67,66,70,65,60,66,65
Vlatko Cancar,Shooter,68,74,75,84,65,50,60,60,55,70,80,65,87,70,45,65,42,44,45,45,80,52,64,54,54,55,48,52,44,50,63,52,40,40,59,65
Melvin Frazier,Floor-Spacing Slasher,68,59,75,71,57,35,93,92,42,83,80,75,79,75,40,70,33,40,31,41,80,60,71,76,60,40,46,72,74,37,78,70,75,50,40,47
Jordan Bone,3-Level Scorer,73,71,74,84,55,35,91,91,35,95,80,68,80,73,25,50,28,44,40,44,80,64,75,90,68,39,33,74,59,38,79,68,60,60,31,48
Rayjon Tucker,3PT Specialist,72,74,80,71,65,50,74,74,59,75,90,65,83,79,40,75,30,45,48,45,75,69,78,70,69,47,37,54,50,47,69,57,40,35,42,49
Kyle Guy,Sharpshooter,64,82,82,74,70,60,72,72,42,79,80,75,80,73,40,40,49,51,48,45,80,61,70,72,62,30,40,59,40,51,60,50,60,35,33,47
Reggie Perry,Finisher,68,70,68,75,50,55,72,72,70,75,82,90,84,65,80,75,54,50,52,44,95,44,57,60,42,44,66,59,40,60,51,64,59,45,72,74
Jahmius Ramsey,3PT Shot Creator,64,70,76,64,55,45,66,64,45,70,75,70,81,60,35,65,37,42,40,42,80,68,73,62,69,59,50,66,54,47,72,67,52,55,43,60
Nigel Williams-Goss,Offense Initiator,72,74,79,84,60,50,82,82,40,70,85,70,82,69,25,40,31,31,28,37,80,78,80,81,78,68,30,71,52,44,75,72,55,45,30,45
Nick Richards,Finisher,66,69,25,73,50,25,72,70,65,75,81,85,84,62,80,80,44,47,40,40,80,37,35,49,36,31,73,47,30,76,52,75,40,50,76,68
Frank Mason,Mid-Range Shot Creator,84,85,62,68,85,55,84,84,35,87,84,80,83,79,25,30,29,50,32,54,80,74,81,84,74,73,28,60,49,45,70,51,55,45,32,47
Cassius Winston,3PT Specialist,76,75,82,85,75,65,57,57,52,52,80,70,83,74,25,30,25,25,25,40,70,77,80,66,80,66,25,54,38,32,60,52,50,30,30,47
Tremont Waters,Offense Initiator,60,69,75,81,50,35,91,91,34,75,80,87,80,73,25,30,28,40,25,42,78,76,82,90,77,67,30,77,80,32,80,60,78,55,34,44
Grant Riller,Offensive-Minded Point,76,73,75,81,60,60,89,89,31,84,80,70,81,76,30,50,35,42,30,50,78,85,78,89,75,52,33,51,42,30,70,52,48,30,37,39
Caleb Martin,3-Level Scorer,72,74,74,73,98,80,55,55,58,74,85,65,80,82,25,70,55,44,38,65,75,62,63,54,60,59,52,60,87,61,65,60,65,35,48,56
Cameron Reynolds,3PT Specialist,71,72,83,77,50,40,63,64,60,70,80,60,86,67,50,65,52,53,57,45,69,57,62,53,55,33,60,62,38,42,63,60,55,35,33,53
Devontae Cacok,Glass Cleaner,64,47,25,50,44,30,65,64,68,75,75,80,82,70,65,70,54,50,50,40,70,48,65,57,49,39,58,52,66,59,60,57,40,30,84,83
Malcolm Miller,3PT Specialist,60,73,84,70,72,55,63,63,60,75,63,75,70,69,70,75,60,50,50,30,60,45,45,60,55,35,64,67,43,55,70,65,45,50,29,52
Jaylen Hoard,Slasher,62,63,64,72,50,60,63,60,60,75,80,80,80,70,40,75,50,52,58,44,70,55,63,60,62,30,52,69,70,29,73,64,48,35,67,69
Vic Law,3-Level Scorer,69,73,79,79,65,40,62,63,60,72,85,35,78,75,40,70,42,51,49,50,70,61,68,54,64,41,64,54,30,41,52,52,44,40,68,69
Marko Guduric,Shooter,69,74,73,86,75,60,66,67,35,67,80,75,83,69,30,55,25,52,35,41,80,66,69,64,68,47,35,54,40,55,67,54,58,35,40,56
Kevin Hervey,Inside-Out Scorer,72,68,70,66,50,40,64,62,75,78,80,79,83,68,75,75,65,49,66,34,70,49,55,52,57,37,68,54,52,54,65,60,62,35,57,70
Kostas Antetokounmpo,Finisher,70,51,30,50,50,30,63,55,60,75,80,75,80,68,80,75,57,44,52,50,70,30,38,33,51,28,60,49,33,52,59,70,50,50,72,70
Ray Spalding,Rim Protector,74,70,50,64,40,30,57,55,60,58,80,75,82,66,85,75,50,54,60,36,78,50,50,50,56,30,69,52,60,82,56,70,65,35,72,70
Nico Mannion,Offense Initiator,70,76,79,80,65,55,82,82,37,75,80,75,81,74,40,65,36,44,35,44,60,72,80,82,73,77,37,64,41,25,74,54,69,50,36,47
Jaylen Adams,Offense Initiator,70,75,77,81,60,55,80,80,51,78,84,71,84,71,25,25,25,40,25,55,75,75,80,80,70,69,27,57,43,50,69,58,47,35,38,56
Theo Pinson,Finisher,70,64,55,86,50,25,73,77,40,80,80,75,81,75,45,75,35,38,38,55,75,50,70,67,45,71,60,71,66,47,75,69,68,60,39,55
Kenny Wooten,Interior Finisher,65,62,39,60,50,40,65,62,50,93,80,85,79,60,90,80,52,54,64,40,74,38,60,49,55,30,68,54,54,86,59,79,68,45,69,68
Kelan Martin,Mid-Range Finisher,86,73,64,78,56,50,57,59,44,67,80,70,83,72,40,60,32,47,39,40,65,65,66,53,62,33,40,69,33,55,72,68,37,45,37,72
Justin Patton,Mid-Range Finisher,76,73,60,50,72,50,56,55,71,69,80,80,80,69,75,70,69,66,69,34,80,37,35,31,52,35,76,60,54,80,62,75,40,50,60,68
Cassius Stanley,Inside-Out Scorer,68,67,75,73,60,40,91,91,44,90,85,66,85,69,55,85,44,58,51,52,79,57,69,74,50,32,37,54,32,30,77,52,47,40,37,59
Lance Thomas,Mid-Range Finisher,69,78,69,75,70,50,56,57,55,72,80,80,83,68,55,65,55,57,54,59,59,60,61,47,68,30,68,70,37,45,70,68,59,55,38,58
Caleb Swanigan,Rebounder,65,70,49,76,40,35,51,52,80,45,78,55,81,69,70,60,71,70,69,60,75,48,37,30,62,54,60,37,31,61,47,61,50,30,69,87
Juan Toscano-Anderson,Stretch Four,60,65,78,68,85,60,68,69,62,70,85,90,83,68,40,70,30,44,58,40,69,69,68,64,62,53,67,67,70,56,69,68,60,60,42,69
Gabe Vincent,Shot Creator,68,75,78,83,60,50,73,73,40,66,85,66,82,66,25,45,26,32,26,44,80,59,70,70,57,69,37,60,41,31,62,60,57,30,36,46
Matt Mooney,Floor-Spacing Slasher,63,68,79,84,74,50,67,67,42,68,85,64,87,73,25,25,25,39,25,50,70,65,74,65,74,65,26,69,68,42,70,44,45,50,38,44
William Howard,3PT Specialist,69,68,80,73,52,35,61,61,56,70,80,70,83,65,50,65,52,54,59,48,78,57,65,57,50,44,34,56,66,44,59,45,60,30,48,56
Kyle Alexander,Rim Protector,62,68,64,66,50,30,54,52,60,68,85,75,82,66,80,70,56,59,57,37,75,44,50,42,46,30,59,32,60,80,56,65,57,30,71,70
Miye Oni,Inside-Out Scorer,70,66,79,79,70,50,82,81,46,82,80,75,80,69,30,70,48,44,38,37,80,64,69,73,68,48,55,69,60,64,73,68,64,45,48,62
Skylar Mays,Floor-Spacing Slasher,71,70,74,85,52,45,70,70,42,74,92,65,80,70,35,45,37,52,37,57,80,67,74,67,69,60,42,68,60,30,75,69,60,50,50,41
Dewan Hernandez,Interior Finisher,70,62,29,69,68,50,74,74,79,79,85,75,80,64,75,65,69,68,68,54,76,44,42,47,47,38,58,37,42,50,50,58,54,35,71,66
Quinndary Weatherspoon,3-Level Scorer,57,74,75,78,58,50,83,83,50,83,80,85,80,70,35,75,35,44,36,55,72,68,74,80,64,69,48,62,41,62,74,60,59,35,44,49
Michael Frazier,3-Level Scorer,70,76,77,78,57,40,76,78,52,80,84,79,81,72,35,70,33,38,26,45,72,68,74,67,68,50,38,55,57,38,68,54,57,35,40,47
Naz Mitrou-Long,Playmaking Shot Creator,73,76,77,77,74,35,63,67,48,60,80,80,81,68,30,45,38,37,28,38,70,70,72,63,73,67,27,70,42,30,75,65,48,55,40,48
Drew Eubanks,Rim Protector,80,64,30,85,50,30,61,62,68,75,80,85,83,68,75,65,66,67,63,50,75,42,37,38,55,30,60,47,33,80,59,59,50,45,57,81
BJ Johnson,3-Level Scorer,60,72,75,84,50,30,70,71,48,80,80,75,83,70,70,70,50,50,52,34,75,62,63,58,50,29,60,65,52,50,54,61,57,35,40,48
Tariq Owens,Interior Finisher,65,67,69,79,65,35,63,62,70,80,80,79,83,68,75,75,52,50,40,50,74,48,49,47,54,36,62,35,30,74,52,69,54,45,42,68
Khyri Thomas,3PT Specialist,59,68,70,70,70,55,76,77,60,72,80,82,81,70,30,50,32,40,41,47,75,66,62,67,69,31,50,76,53,62,77,77,70,65,36,48
Yuta Watanabe,Prospect,70,60,60,75,50,40,67,67,60,74,80,85,80,66,40,60,40,43,45,44,75,60,69,65,63,42,58,63,38,54,71,66,60,50,37,69
Adam Mokoka,Inside-Out Scorer,72,64,70,64,70,35,79,79,48,82,84,85,82,72,35,75,33,48,43,39,75,60,69,72,62,30,40,69,59,42,76,50,68,40,29,67
Amir Coffey,3PT Shot Creator,56,70,73,73,51,35,75,75,52,75,80,70,79,72,25,40,38,53,54,40,81,68,70,75,67,65,47,57,40,52,63,68,64,50,38,47
Tyler Cook,Interior Finisher,68,67,30,64,50,30,69,67,66,78,80,80,84,60,75,70,57,50,50,40,72,42,64,49,65,40,59,40,40,50,49,55,55,40,60,62
Max Strus,3PT Shooter,64,69,76,84,60,55,77,76,40,74,80,75,85,68,35,65,42,54,48,44,70,62,69,74,60,38,45,57,40,44,65,50,50,35,29,44
Saben Lee,Athletic Finisher,60,74,71,72,75,50,74,74,52,69,80,76,79,71,25,85,25,31,30,69,77,67,66,73,62,69,44,60,48,32,67,55,54,30,37,42
Jalen Lecque,Slasher,60,62,64,67,50,40,74,74,54,96,80,70,80,71,25,89,30,37,35,44,70,72,77,74,70,67,43,56,45,30,75,55,65,30,37,40
CJ Elleby,3PT Shooter,64,70,75,76,50,40,69,69,58,72,81,68,81,65,40,50,35,51,45,52,85,50,62,64,60,37,48,67,60,47,71,62,60,50,32,60
Louis King,Inside-Out Scorer,72,60,76,78,65,40,74,74,67,79,80,76,80,70,75,75,50,58,62,44,80,55,66,62,63,40,58,51,43,37,60,59,54,35,32,45
Brian Bowen,Inside-Out Scorer,69,68,75,76,69,35,78,78,34,80,85,65,80,70,45,75,33,47,38,42,75,62,69,69,64,37,48,60,55,39,74,60,65,45,37,38
Mychal Mulder,3PT Specialist,74,70,83,70,50,50,79,79,39,72,90,75,84,72,25,55,25,36,31,40,72,78,75,81,79,33,34,64,33,42,70,55,58,40,36,50
Jalen Harris,3PT Specialist,74,78,81,82,50,45,87,87,62,93,80,65,82,73,25,45,25,40,50,49,80,60,60,83,60,57,30,49,33,29,71,52,48,30,27,38
Justin Wright-Foreman,3-Level Scorer,70,78,79,81,60,50,79,77,40,69,70,80,80,73,40,65,25,44,32,44,75,70,74,76,64,62,34,58,50,34,71,50,55,30,31,40
Josh Reaves,3PT Shooter,64,68,76,70,60,45,72,71,50,70,80,77,81,70,25,60,36,54,32,44,78,60,70,66,62,66,37,64,74,40,73,64,74,45,39,44
Jeremiah Martin,Inside-Out Playmaker,74,68,70,72,50,40,75,75,55,75,87,70,82,74,25,70,32,36,58,45,75,75,78,75,74,70,31,65,37,35,69,50,65,35,34,37
Paul Watson,Inside-Out Scorer,70,70,78,63,65,40,69,68,52,72,85,73,82,70,25,60,38,44,44,41,74,65,69,66,66,34,52,59,50,39,69,59,55,40,54,69
Marial Shayok,3PT Specialist,69,75,81,82,50,45,71,70,60,72,80,75,80,66,30,70,40,44,35,41,80,68,64,67,66,54,44,55,35,40,66,50,50,45,29,40
Jarrell Brantley,3-Level Scorer,68,74,74,79,50,40,69,68,62,72,75,60,80,72,70,70,53,59,59,46,70,54,66,58,57,45,60,50,54,47,61,50,50,35,61,64
Antonius Cleveland,3-Level Scorer,70,72,73,65,50,40,75,75,50,79,80,65,86,70,50,65,42,44,41,50,80,62,70,68,55,27,41,62,78,54,70,60,75,35,38,50
Oshae Brissett,Slasher,68,64,69,73,54,30,63,67,69,79,85,80,83,62,70,75,59,54,59,54,81,47,59,52,34,33,57,40,42,42,52,57,50,35,61,58
Kenyon Martin,2-Way Mid-Range Finisher,96,85,79,68,75,70,74,81,80,85,97,95,85,80,90,70,78,65,78,82,97,48,43,32,62,53,82,65,74,82,65,85,68,80,70,64
Jarrod Uthoff,Stretch Four,78,74,80,80,44,35,59,54,50,75,80,55,82,68,60,60,52,53,58,34,50,65,60,50,58,49,41,56,57,71,55,54,62,35,52,56
Jared Harper,Shot Creator,68,72,77,83,55,35,93,93,60,91,75,65,80,66,25,25,53,62,44,44,80,70,79,91,70,63,40,61,59,56,73,45,35,30,33,44
Moses Brown,Paint Defender,54,46,26,35,48,35,42,40,68,75,70,60,80,54,75,60,52,42,58,40,75,44,44,35,58,30,72,52,31,82,54,72,58,45,79,78
Jay Scrubb,Inside-Out Scorer,60,68,73,75,50,50,74,74,55,82,80,70,79,71,45,80,40,44,51,37,78,57,70,69,52,44,44,60,54,35,74,57,64,40,36,66
Kobi Simmons,Floor-Spacing Slasher,75,50,71,78,48,50,82,84,53,77,85,64,82,74,25,70,37,42,44,56,77,60,76,84,52,63,35,48,42,42,69,50,55,30,37,41
Stephen Curry,Offensive Threat,95,94,98,92,98,98,84,91,48,73,98,98,86,96,25,36,35,52,35,89,97,90,97,84,97,77,30,75,53,35,78,78,85,65,35,60
Tony Bradley-Jr,Glass Cleaner,79,66,26,63,90,60,51,42,78,51,80,90,80,74,75,60,72,62,68,65,85,44,44,33,58,29,69,35,38,78,54,68,58,45,93,85
Luguentz Dort,3 & D Wing,73,55,84,76,85,70,79,78,68,87,80,94,80,79,50,85,40,38,44,40,72,62,72,76,62,29,52,83,56,50,84,82,82,80,38,52
